Classifier1,Classifier2,Classifier3,Classifier4,UsingID,sw_age_min,sw_age_max,hw_age_min,hw_age_max,MinYearsSinceDist,MaxYearsSinceDist,LastDistTypeID,MinTotBiomassC,MaxTotBiomassC,MinSWMerchBiomassC,MaxSWMerchBiomassC,MinHWMerchBiomassC,MaxHWMerchBiomassC,MinTotalStemSnagC,MaxTotalStemSnagC,MinSWStemSnagC,MaxSWStemSnagC,MinHWStemSnagC,MaxHWStemSnagC,MinTotalStemSnagMerchC,MaxTotalStemSnagMerchC,MinSWMerchStemSnagC,MaxSWMerchStemSnagC,MinHWMerchStemSnagC,MaxHWMerchStemSnagC,Efficiency,SortType,MeasureType,Amount,DistTypeID,Year
NFSitka_mineral,A,mineral,YC17_20,False,0,210,0,210,-1,-1,-1,-1,-1,-1,-1,-1,-1,-1,-1,-1,-1,-1,-1,-1,-1,-1,-1,-1,-1,1,3,A,1307.0,DISTID4,1
NFSitka_mineral,A,mineral,YC20_24,False,0,210,0,210,-1,-1,-1,-1,-1,-1,-1,-1,-1,-1,-1,-1,-1,-1,-1,-1,-1,-1,-1,-1,-1,1,3,A,436.0,DISTID4,1
NFSitka_mineral,A,mineral,YC24_30,False,0,210,0,210,-1,-1,-1,-1,-1,-1,-1,-1,-1,-1,-1,-1,-1,-1,-1,-1,-1,-1,-1,-1,-1,1,3,A,872.0,DISTID4,1
NFSitka_peat,A,peat,YC4_12,False,0,210,0,210,-1,-1,-1,-1,-1,-1,-1,-1,-1,-1,-1,-1,-1,-1,-1,-1,-1,-1,-1,-1,-1,1,3,A,2613.0,DISTID4,1
NFSitka_peat,A,peat,YC13_16,False,0,210,0,210,-1,-1,-1,-1,-1,-1,-1,-1,-1,-1,-1,-1,-1,-1,-1,-1,-1,-1,-1,-1,-1,1,3,A,2178.0,DISTID4,1
NFSitka_peat,A,peat,YC20_24,False,0,210,0,210,-1,-1,-1,-1,-1,-1,-1,-1,-1,-1,-1,-1,-1,-1,-1,-1,-1,-1,-1,-1,-1,1,3,A,871.0,DISTID4,1
NFSitka_peat,A,peat,YC24_30,False,0,210,0,210,-1,-1,-1,-1,-1,-1,-1,-1,-1,-1,-1,-1,-1,-1,-1,-1,-1,-1,-1,-1,-1,1,3,A,2178.0,DISTID4,1
NFPine_peat,A,peat,YC12_20,False,0,210,0,210,-1,-1,-1,-1,-1,-1,-1,-1,-1,-1,-1,-1,-1,-1,-1,-1,-1,-1,-1,-1,-1,1,3,A,2178.0,DISTID4,1
NFFGB_mineral,A,mineral,YC6,False,0,210,0,210,-1,-1,-1,-1,-1,-1,-1,-1,-1,-1,-1,-1,-1,-1,-1,-1,-1,-1,-1,-1,-1,1,3,A,872.0,DISTID4,1
NFOC_mineral,A,mineral,YC10,False,0,210,0,210,-1,-1,-1,-1,-1,-1,-1,-1,-1,-1,-1,-1,-1,-1,-1,-1,-1,-1,-1,-1,-1,1,3,A,436.0,DISTID4,1
NFSitka_peat,A,peat,YC20_24,False,0,210,0,210,-1,-1,-1,-1,-1,-1,-1,-1,-1,-1,-1,-1,-1,-1,-1,-1,-1,-1,-1,-1,-1,1,3,A,545.0,DISTID4,2
NFSitka_mineral,A,mineral,YC13_16,False,0,210,0,210,-1,-1,-1,-1,-1,-1,-1,-1,-1,-1,-1,-1,-1,-1,-1,-1,-1,-1,-1,-1,-1,1,3,A,1090.0,DISTID4,2
NFSitka_mineral,A,mineral,YC17_20,False,0,210,0,210,-1,-1,-1,-1,-1,-1,-1,-1,-1,-1,-1,-1,-1,-1,-1,-1,-1,-1,-1,-1,-1,1,3,A,1089.0,DISTID4,2
NFSitka_mineral,A,mineral,YC20_24,False,0,210,0,210,-1,-1,-1,-1,-1,-1,-1,-1,-1,-1,-1,-1,-1,-1,-1,-1,-1,-1,-1,-1,-1,1,3,A,1089.0,DISTID4,2
NFSitka_peat,A,peat,YC4_12,False,0,210,0,210,-1,-1,-1,-1,-1,-1,-1,-1,-1,-1,-1,-1,-1,-1,-1,-1,-1,-1,-1,-1,-1,1,3,A,1633.0,DISTID4,2
NFSitka_peat,A,peat,YC13_16,False,0,210,0,210,-1,-1,-1,-1,-1,-1,-1,-1,-1,-1,-1,-1,-1,-1,-1,-1,-1,-1,-1,-1,-1,1,3,A,1633.0,DISTID4,2
NFSitka_mineral,A,mineral,YC24_30,False,0,210,0,210,-1,-1,-1,-1,-1,-1,-1,-1,-1,-1,-1,-1,-1,-1,-1,-1,-1,-1,-1,-1,-1,1,3,A,2177.0,DISTID4,2
NFSitka_peat,A,peat,YC24_30,False,0,210,0,210,-1,-1,-1,-1,-1,-1,-1,-1,-1,-1,-1,-1,-1,-1,-1,-1,-1,-1,-1,-1,-1,1,3,A,3810.0,DISTID4,2
NFPine_mineral,A,mineral,YC12_20,False,0,210,0,210,-1,-1,-1,-1,-1,-1,-1,-1,-1,-1,-1,-1,-1,-1,-1,-1,-1,-1,-1,-1,-1,1,3,A,545.0,DISTID4,2
NFPine_peat,A,peat,YC12_20,False,0,210,0,210,-1,-1,-1,-1,-1,-1,-1,-1,-1,-1,-1,-1,-1,-1,-1,-1,-1,-1,-1,-1,-1,1,3,A,545.0,DISTID4,2
NFFGB_peat,A,peat,YC6,False,0,210,0,210,-1,-1,-1,-1,-1,-1,-1,-1,-1,-1,-1,-1,-1,-1,-1,-1,-1,-1,-1,-1,-1,1,3,A,545.0,DISTID4,2
NFOC_peat,A,peat,YC10,False,0,210,0,210,-1,-1,-1,-1,-1,-1,-1,-1,-1,-1,-1,-1,-1,-1,-1,-1,-1,-1,-1,-1,-1,1,3,A,1089.0,DISTID4,2
NFCBmix_mineral,A,mineral,YC10,False,0,210,0,210,-1,-1,-1,-1,-1,-1,-1,-1,-1,-1,-1,-1,-1,-1,-1,-1,-1,-1,-1,-1,-1,1,3,A,545.0,DISTID4,2
NFPine_peat,A,peat,YC4_12,False,0,210,0,210,-1,-1,-1,-1,-1,-1,-1,-1,-1,-1,-1,-1,-1,-1,-1,-1,-1,-1,-1,-1,-1,1,3,A,545.0,DISTID4,2
NFSitka_peat,A,peat,YC20_24,False,0,210,0,210,-1,-1,-1,-1,-1,-1,-1,-1,-1,-1,-1,-1,-1,-1,-1,-1,-1,-1,-1,-1,-1,1,3,A,796.0,DISTID4,3
NFSitka_mineral,A,mineral,YC17_20,False,0,210,0,210,-1,-1,-1,-1,-1,-1,-1,-1,-1,-1,-1,-1,-1,-1,-1,-1,-1,-1,-1,-1,-1,1,3,A,796.0,DISTID4,3
NFSitka_mineral,A,mineral,YC20_24,False,0,210,0,210,-1,-1,-1,-1,-1,-1,-1,-1,-1,-1,-1,-1,-1,-1,-1,-1,-1,-1,-1,-1,-1,1,3,A,3580.0,DISTID4,3
NFSitka_mineral,A,mineral,YC24_30,False,0,210,0,210,-1,-1,-1,-1,-1,-1,-1,-1,-1,-1,-1,-1,-1,-1,-1,-1,-1,-1,-1,-1,-1,1,3,A,1193.0,DISTID4,3
NFSitka_peat,A,peat,YC4_12,False,0,210,0,210,-1,-1,-1,-1,-1,-1,-1,-1,-1,-1,-1,-1,-1,-1,-1,-1,-1,-1,-1,-1,-1,1,3,A,796.0,DISTID4,3
NFSitka_peat,A,peat,YC24_30,False,0,210,0,210,-1,-1,-1,-1,-1,-1,-1,-1,-1,-1,-1,-1,-1,-1,-1,-1,-1,-1,-1,-1,-1,1,3,A,3580.0,DISTID4,3
NFPine_peat,A,peat,YC4_12,False,0,210,0,210,-1,-1,-1,-1,-1,-1,-1,-1,-1,-1,-1,-1,-1,-1,-1,-1,-1,-1,-1,-1,-1,1,3,A,796.0,DISTID4,3
NFPine_peat,A,peat,YC12_20,False,0,210,0,210,-1,-1,-1,-1,-1,-1,-1,-1,-1,-1,-1,-1,-1,-1,-1,-1,-1,-1,-1,-1,-1,1,3,A,796.0,DISTID4,3
NFFGB_mineral,A,mineral,YC6,False,0,210,0,210,-1,-1,-1,-1,-1,-1,-1,-1,-1,-1,-1,-1,-1,-1,-1,-1,-1,-1,-1,-1,-1,1,3,A,398.0,DISTID4,3
NFOC_peat,A,peat,YC10,False,0,210,0,210,-1,-1,-1,-1,-1,-1,-1,-1,-1,-1,-1,-1,-1,-1,-1,-1,-1,-1,-1,-1,-1,1,3,A,1591.0,DISTID4,3
NFSitka_peat,A,peat,YC13_16,False,0,210,0,210,-1,-1,-1,-1,-1,-1,-1,-1,-1,-1,-1,-1,-1,-1,-1,-1,-1,-1,-1,-1,-1,1,3,A,398.0,DISTID4,3
NFSitka_peat,A,peat,YC20_24,False,0,210,0,210,-1,-1,-1,-1,-1,-1,-1,-1,-1,-1,-1,-1,-1,-1,-1,-1,-1,-1,-1,-1,-1,1,3,A,487.0,DISTID4,4
NFSitka_mineral,A,mineral,YC20_24,False,0,210,0,210,-1,-1,-1,-1,-1,-1,-1,-1,-1,-1,-1,-1,-1,-1,-1,-1,-1,-1,-1,-1,-1,1,3,A,2431.0,DISTID4,4
NFSitka_mineral,A,mineral,YC24_30,False,0,210,0,210,-1,-1,-1,-1,-1,-1,-1,-1,-1,-1,-1,-1,-1,-1,-1,-1,-1,-1,-1,-1,-1,1,3,A,1947.0,DISTID4,4
NFSitka_peat,A,peat,YC4_12,False,0,210,0,210,-1,-1,-1,-1,-1,-1,-1,-1,-1,-1,-1,-1,-1,-1,-1,-1,-1,-1,-1,-1,-1,1,3,A,1945.0,DISTID4,4
NFSitka_peat,A,peat,YC24_30,False,0,210,0,210,-1,-1,-1,-1,-1,-1,-1,-1,-1,-1,-1,-1,-1,-1,-1,-1,-1,-1,-1,-1,-1,1,3,A,2918.0,DISTID4,4
NFPine_peat,A,peat,YC4_12,False,0,210,0,210,-1,-1,-1,-1,-1,-1,-1,-1,-1,-1,-1,-1,-1,-1,-1,-1,-1,-1,-1,-1,-1,1,3,A,487.0,DISTID4,4
NFPine_peat,A,peat,YC12_20,False,0,210,0,210,-1,-1,-1,-1,-1,-1,-1,-1,-1,-1,-1,-1,-1,-1,-1,-1,-1,-1,-1,-1,-1,1,3,A,973.0,DISTID4,4
NFFGB_peat,A,peat,YC6,False,0,210,0,210,-1,-1,-1,-1,-1,-1,-1,-1,-1,-1,-1,-1,-1,-1,-1,-1,-1,-1,-1,-1,-1,1,3,A,487.0,DISTID4,4
NFOC_peat,A,peat,YC10,False,0,210,0,210,-1,-1,-1,-1,-1,-1,-1,-1,-1,-1,-1,-1,-1,-1,-1,-1,-1,-1,-1,-1,-1,1,3,A,974.0,DISTID4,4
NFCBmix_mineral,A,mineral,YC10,False,0,210,0,210,-1,-1,-1,-1,-1,-1,-1,-1,-1,-1,-1,-1,-1,-1,-1,-1,-1,-1,-1,-1,-1,1,3,A,974.0,DISTID4,4
NFSGB_mineral,A,mineral,YC6,False,0,210,0,210,-1,-1,-1,-1,-1,-1,-1,-1,-1,-1,-1,-1,-1,-1,-1,-1,-1,-1,-1,-1,-1,1,3,A,487.0,DISTID4,4
NFCBmix_peat,A,peat,YC10,False,0,210,0,210,-1,-1,-1,-1,-1,-1,-1,-1,-1,-1,-1,-1,-1,-1,-1,-1,-1,-1,-1,-1,-1,1,3,A,487.0,DISTID4,4
NFSitka_peat,A,peat,YC20_24,False,0,210,0,210,-1,-1,-1,-1,-1,-1,-1,-1,-1,-1,-1,-1,-1,-1,-1,-1,-1,-1,-1,-1,-1,1,3,A,2667.0,DISTID4,5
NFSitka_mineral,A,mineral,YC20_24,False,0,210,0,210,-1,-1,-1,-1,-1,-1,-1,-1,-1,-1,-1,-1,-1,-1,-1,-1,-1,-1,-1,-1,-1,1,3,A,1524.0,DISTID4,5
NFSitka_mineral,A,mineral,YC24_30,False,0,210,0,210,-1,-1,-1,-1,-1,-1,-1,-1,-1,-1,-1,-1,-1,-1,-1,-1,-1,-1,-1,-1,-1,1,3,A,2667.0,DISTID4,5
NFSitka_peat,A,peat,YC4_12,False,0,210,0,210,-1,-1,-1,-1,-1,-1,-1,-1,-1,-1,-1,-1,-1,-1,-1,-1,-1,-1,-1,-1,-1,1,3,A,1905.0,DISTID4,5
NFSitka_peat,A,peat,YC13_16,False,0,210,0,210,-1,-1,-1,-1,-1,-1,-1,-1,-1,-1,-1,-1,-1,-1,-1,-1,-1,-1,-1,-1,-1,1,3,A,762.0,DISTID4,5
NFSitka_peat,A,peat,YC24_30,False,0,210,0,210,-1,-1,-1,-1,-1,-1,-1,-1,-1,-1,-1,-1,-1,-1,-1,-1,-1,-1,-1,-1,-1,1,3,A,3810.0,DISTID4,5
NFPine_peat,A,peat,YC12_20,False,0,210,0,210,-1,-1,-1,-1,-1,-1,-1,-1,-1,-1,-1,-1,-1,-1,-1,-1,-1,-1,-1,-1,-1,1,3,A,762.0,DISTID4,5
NFFGB_mineral,A,mineral,YC6,False,0,210,0,210,-1,-1,-1,-1,-1,-1,-1,-1,-1,-1,-1,-1,-1,-1,-1,-1,-1,-1,-1,-1,-1,1,3,A,381.0,DISTID4,5
NFOC_peat,A,peat,YC10,False,0,210,0,210,-1,-1,-1,-1,-1,-1,-1,-1,-1,-1,-1,-1,-1,-1,-1,-1,-1,-1,-1,-1,-1,1,3,A,1905.0,DISTID4,5
NFCBmix_peat,A,peat,YC10,False,0,210,0,210,-1,-1,-1,-1,-1,-1,-1,-1,-1,-1,-1,-1,-1,-1,-1,-1,-1,-1,-1,-1,-1,1,3,A,381.0,DISTID4,5
NFPine_peat,A,peat,YC4_12,False,0,210,0,210,-1,-1,-1,-1,-1,-1,-1,-1,-1,-1,-1,-1,-1,-1,-1,-1,-1,-1,-1,-1,-1,1,3,A,381.0,DISTID4,5
NFSitka_peat,A,peat,YC20_24,False,0,210,0,210,-1,-1,-1,-1,-1,-1,-1,-1,-1,-1,-1,-1,-1,-1,-1,-1,-1,-1,-1,-1,-1,1,3,A,3760.0,DISTID4,6
NFSitka_mineral,A,mineral,YC4_12,False,0,210,0,210,-1,-1,-1,-1,-1,-1,-1,-1,-1,-1,-1,-1,-1,-1,-1,-1,-1,-1,-1,-1,-1,1,3,A,418.0,DISTID4,6
NFSitka_mineral,A,mineral,YC17_20,False,0,210,0,210,-1,-1,-1,-1,-1,-1,-1,-1,-1,-1,-1,-1,-1,-1,-1,-1,-1,-1,-1,-1,-1,1,3,A,1254.0,DISTID4,6
NFSitka_mineral,A,mineral,YC20_24,False,0,210,0,210,-1,-1,-1,-1,-1,-1,-1,-1,-1,-1,-1,-1,-1,-1,-1,-1,-1,-1,-1,-1,-1,1,3,A,2090.0,DISTID4,6
NFSitka_mineral,A,mineral,YC24_30,False,0,210,0,210,-1,-1,-1,-1,-1,-1,-1,-1,-1,-1,-1,-1,-1,-1,-1,-1,-1,-1,-1,-1,-1,1,3,A,1254.0,DISTID4,6
NFSitka_peat,A,peat,YC4_12,False,0,210,0,210,-1,-1,-1,-1,-1,-1,-1,-1,-1,-1,-1,-1,-1,-1,-1,-1,-1,-1,-1,-1,-1,1,3,A,1254.0,DISTID4,6
NFPine_peat,A,peat,YC4_12,False,0,210,0,210,-1,-1,-1,-1,-1,-1,-1,-1,-1,-1,-1,-1,-1,-1,-1,-1,-1,-1,-1,-1,-1,1,3,A,1254.0,DISTID4,6
NFSitka_peat,A,peat,YC13_16,False,0,210,0,210,-1,-1,-1,-1,-1,-1,-1,-1,-1,-1,-1,-1,-1,-1,-1,-1,-1,-1,-1,-1,-1,1,3,A,1672.0,DISTID4,6
NFPine_peat,A,peat,YC12_20,False,0,210,0,210,-1,-1,-1,-1,-1,-1,-1,-1,-1,-1,-1,-1,-1,-1,-1,-1,-1,-1,-1,-1,-1,1,3,A,1254.0,DISTID4,6
NFSGB_mineral,A,mineral,YC6,False,0,210,0,210,-1,-1,-1,-1,-1,-1,-1,-1,-1,-1,-1,-1,-1,-1,-1,-1,-1,-1,-1,-1,-1,1,3,A,418.0,DISTID4,6
NFFGB_mineral,A,mineral,YC6,False,0,210,0,210,-1,-1,-1,-1,-1,-1,-1,-1,-1,-1,-1,-1,-1,-1,-1,-1,-1,-1,-1,-1,-1,1,3,A,418.0,DISTID4,6
NFOC_mineral,A,mineral,YC10,False,0,210,0,210,-1,-1,-1,-1,-1,-1,-1,-1,-1,-1,-1,-1,-1,-1,-1,-1,-1,-1,-1,-1,-1,1,3,A,1254.0,DISTID4,6
NFOC_peat,A,peat,YC10,False,0,210,0,210,-1,-1,-1,-1,-1,-1,-1,-1,-1,-1,-1,-1,-1,-1,-1,-1,-1,-1,-1,-1,-1,1,3,A,1254.0,DISTID4,6
NFCBmix_mineral,A,mineral,YC10,False,0,210,0,210,-1,-1,-1,-1,-1,-1,-1,-1,-1,-1,-1,-1,-1,-1,-1,-1,-1,-1,-1,-1,-1,1,3,A,418.0,DISTID4,6
NFSitka_peat,A,peat,YC24_30,False,0,210,0,210,-1,-1,-1,-1,-1,-1,-1,-1,-1,-1,-1,-1,-1,-1,-1,-1,-1,-1,-1,-1,-1,1,3,A,2926.0,DISTID4,6
NFSitka_peat,A,peat,YC20_24,False,0,210,0,210,-1,-1,-1,-1,-1,-1,-1,-1,-1,-1,-1,-1,-1,-1,-1,-1,-1,-1,-1,-1,-1,1,3,A,2498.0,DISTID4,7
NFSitka_mineral,A,mineral,YC4_12,False,0,210,0,210,-1,-1,-1,-1,-1,-1,-1,-1,-1,-1,-1,-1,-1,-1,-1,-1,-1,-1,-1,-1,-1,1,3,A,500.0,DISTID4,7
NFSitka_mineral,A,mineral,YC13_16,False,0,210,0,210,-1,-1,-1,-1,-1,-1,-1,-1,-1,-1,-1,-1,-1,-1,-1,-1,-1,-1,-1,-1,-1,1,3,A,500.0,DISTID4,7
NFSitka_mineral,A,mineral,YC17_20,False,0,210,0,210,-1,-1,-1,-1,-1,-1,-1,-1,-1,-1,-1,-1,-1,-1,-1,-1,-1,-1,-1,-1,-1,1,3,A,500.0,DISTID4,7
NFSitka_mineral,A,mineral,YC20_24,False,0,210,0,210,-1,-1,-1,-1,-1,-1,-1,-1,-1,-1,-1,-1,-1,-1,-1,-1,-1,-1,-1,-1,-1,1,3,A,500.0,DISTID4,7
NFSitka_mineral,A,mineral,YC24_30,False,0,210,0,210,-1,-1,-1,-1,-1,-1,-1,-1,-1,-1,-1,-1,-1,-1,-1,-1,-1,-1,-1,-1,-1,1,3,A,2499.0,DISTID4,7
NFSitka_peat,A,peat,YC4_12,False,0,210,0,210,-1,-1,-1,-1,-1,-1,-1,-1,-1,-1,-1,-1,-1,-1,-1,-1,-1,-1,-1,-1,-1,1,3,A,1000.0,DISTID4,7
NFSitka_peat,A,peat,YC24_30,False,0,210,0,210,-1,-1,-1,-1,-1,-1,-1,-1,-1,-1,-1,-1,-1,-1,-1,-1,-1,-1,-1,-1,-1,1,3,A,3998.0,DISTID4,7
NFPine_peat,A,peat,YC12_20,False,0,210,0,210,-1,-1,-1,-1,-1,-1,-1,-1,-1,-1,-1,-1,-1,-1,-1,-1,-1,-1,-1,-1,-1,1,3,A,500.0,DISTID4,7
NFSGB_mineral,A,mineral,YC6,False,0,210,0,210,-1,-1,-1,-1,-1,-1,-1,-1,-1,-1,-1,-1,-1,-1,-1,-1,-1,-1,-1,-1,-1,1,3,A,500.0,DISTID4,7
NFFGB_mineral,A,mineral,YC6,False,0,210,0,210,-1,-1,-1,-1,-1,-1,-1,-1,-1,-1,-1,-1,-1,-1,-1,-1,-1,-1,-1,-1,-1,1,3,A,1000.0,DISTID4,7
NFFGB_peat,A,peat,YC6,False,0,210,0,210,-1,-1,-1,-1,-1,-1,-1,-1,-1,-1,-1,-1,-1,-1,-1,-1,-1,-1,-1,-1,-1,1,3,A,500.0,DISTID4,7
NFOC_peat,A,peat,YC10,False,0,210,0,210,-1,-1,-1,-1,-1,-1,-1,-1,-1,-1,-1,-1,-1,-1,-1,-1,-1,-1,-1,-1,-1,1,3,A,1999.0,DISTID4,7
NFCBmix_peat,A,peat,YC10,False,0,210,0,210,-1,-1,-1,-1,-1,-1,-1,-1,-1,-1,-1,-1,-1,-1,-1,-1,-1,-1,-1,-1,-1,1,3,A,1000.0,DISTID4,7
NFSitka_peat,A,peat,YC13_16,False,0,210,0,210,-1,-1,-1,-1,-1,-1,-1,-1,-1,-1,-1,-1,-1,-1,-1,-1,-1,-1,-1,-1,-1,1,3,A,1000.0,DISTID4,7
NFSitka_peat,A,peat,YC20_24,False,0,210,0,210,-1,-1,-1,-1,-1,-1,-1,-1,-1,-1,-1,-1,-1,-1,-1,-1,-1,-1,-1,-1,-1,1,3,A,420.0,DISTID4,8
NFSitka_mineral,A,mineral,YC20_24,False,0,210,0,210,-1,-1,-1,-1,-1,-1,-1,-1,-1,-1,-1,-1,-1,-1,-1,-1,-1,-1,-1,-1,-1,1,3,A,2099.0,DISTID4,8
NFSitka_mineral,A,mineral,YC24_30,False,0,210,0,210,-1,-1,-1,-1,-1,-1,-1,-1,-1,-1,-1,-1,-1,-1,-1,-1,-1,-1,-1,-1,-1,1,3,A,1680.0,DISTID4,8
NFSitka_peat,A,peat,YC13_16,False,0,210,0,210,-1,-1,-1,-1,-1,-1,-1,-1,-1,-1,-1,-1,-1,-1,-1,-1,-1,-1,-1,-1,-1,1,3,A,1679.0,DISTID4,8
NFCBmix_mineral,A,mineral,YC10,False,0,210,0,210,-1,-1,-1,-1,-1,-1,-1,-1,-1,-1,-1,-1,-1,-1,-1,-1,-1,-1,-1,-1,-1,1,3,A,840.0,DISTID4,8
NFSitka_peat,A,peat,YC24_30,False,0,210,0,210,-1,-1,-1,-1,-1,-1,-1,-1,-1,-1,-1,-1,-1,-1,-1,-1,-1,-1,-1,-1,-1,1,3,A,840.0,DISTID4,8
NFOC_mineral,A,mineral,YC10,False,0,210,0,210,-1,-1,-1,-1,-1,-1,-1,-1,-1,-1,-1,-1,-1,-1,-1,-1,-1,-1,-1,-1,-1,1,3,A,840.0,DISTID4,8
NFOC_peat,A,peat,YC10,False,0,210,0,210,-1,-1,-1,-1,-1,-1,-1,-1,-1,-1,-1,-1,-1,-1,-1,-1,-1,-1,-1,-1,-1,1,3,A,420.0,DISTID4,8
NFCBmix_peat,A,peat,YC10,False,0,210,0,210,-1,-1,-1,-1,-1,-1,-1,-1,-1,-1,-1,-1,-1,-1,-1,-1,-1,-1,-1,-1,-1,1,3,A,420.0,DISTID4,8
NFPine_peat,A,peat,YC4_12,False,0,210,0,210,-1,-1,-1,-1,-1,-1,-1,-1,-1,-1,-1,-1,-1,-1,-1,-1,-1,-1,-1,-1,-1,1,3,A,420.0,DISTID4,8
NFPine_peat,A,peat,YC12_20,False,0,210,0,210,-1,-1,-1,-1,-1,-1,-1,-1,-1,-1,-1,-1,-1,-1,-1,-1,-1,-1,-1,-1,-1,1,3,A,840.0,DISTID4,8
NFSitka_mineral,A,mineral,YC20_24,False,0,210,0,210,-1,-1,-1,-1,-1,-1,-1,-1,-1,-1,-1,-1,-1,-1,-1,-1,-1,-1,-1,-1,-1,1,3,A,1199.0,DISTID4,9
NFSitka_mineral,A,mineral,YC24_30,False,0,210,0,210,-1,-1,-1,-1,-1,-1,-1,-1,-1,-1,-1,-1,-1,-1,-1,-1,-1,-1,-1,-1,-1,1,3,A,2398.0,DISTID4,9
NFSitka_peat,A,peat,YC20_24,False,0,210,0,210,-1,-1,-1,-1,-1,-1,-1,-1,-1,-1,-1,-1,-1,-1,-1,-1,-1,-1,-1,-1,-1,1,3,A,2998.0,DISTID4,9
NFOC_peat,A,peat,YC10,False,0,210,0,210,-1,-1,-1,-1,-1,-1,-1,-1,-1,-1,-1,-1,-1,-1,-1,-1,-1,-1,-1,-1,-1,1,3,A,600.0,DISTID4,9
NFSitka_peat,A,peat,YC24_30,False,0,210,0,210,-1,-1,-1,-1,-1,-1,-1,-1,-1,-1,-1,-1,-1,-1,-1,-1,-1,-1,-1,-1,-1,1,3,A,600.0,DISTID4,9
NFPine_peat,A,peat,YC12_20,False,0,210,0,210,-1,-1,-1,-1,-1,-1,-1,-1,-1,-1,-1,-1,-1,-1,-1,-1,-1,-1,-1,-1,-1,1,3,A,1199.0,DISTID4,9
NFFGB_mineral,A,mineral,YC6,False,0,210,0,210,-1,-1,-1,-1,-1,-1,-1,-1,-1,-1,-1,-1,-1,-1,-1,-1,-1,-1,-1,-1,-1,1,3,A,1199.0,DISTID4,9
NFOC_mineral,A,mineral,YC10,False,0,210,0,210,-1,-1,-1,-1,-1,-1,-1,-1,-1,-1,-1,-1,-1,-1,-1,-1,-1,-1,-1,-1,-1,1,3,A,600.0,DISTID4,9
NFPine_peat,A,peat,YC4_12,False,0,210,0,210,-1,-1,-1,-1,-1,-1,-1,-1,-1,-1,-1,-1,-1,-1,-1,-1,-1,-1,-1,-1,-1,1,3,A,600.0,DISTID4,9
NFSitka_peat,A,peat,YC13_16,False,0,210,0,210,-1,-1,-1,-1,-1,-1,-1,-1,-1,-1,-1,-1,-1,-1,-1,-1,-1,-1,-1,-1,-1,1,3,A,430.0,DISTID4,10
NFSitka_mineral,A,mineral,YC20_24,False,0,210,0,210,-1,-1,-1,-1,-1,-1,-1,-1,-1,-1,-1,-1,-1,-1,-1,-1,-1,-1,-1,-1,-1,1,3,A,2576.0,DISTID4,10
NFSitka_mineral,A,mineral,YC24_30,False,0,210,0,210,-1,-1,-1,-1,-1,-1,-1,-1,-1,-1,-1,-1,-1,-1,-1,-1,-1,-1,-1,-1,-1,1,3,A,2148.0,DISTID4,10
NFSitka_peat,A,peat,YC4_12,False,0,210,0,210,-1,-1,-1,-1,-1,-1,-1,-1,-1,-1,-1,-1,-1,-1,-1,-1,-1,-1,-1,-1,-1,1,3,A,859.0,DISTID4,10
NFSitka_peat,A,peat,YC20_24,False,0,210,0,210,-1,-1,-1,-1,-1,-1,-1,-1,-1,-1,-1,-1,-1,-1,-1,-1,-1,-1,-1,-1,-1,1,3,A,1288.0,DISTID4,10
NFFGB_mineral,A,mineral,YC6,False,0,210,0,210,-1,-1,-1,-1,-1,-1,-1,-1,-1,-1,-1,-1,-1,-1,-1,-1,-1,-1,-1,-1,-1,1,3,A,859.0,DISTID4,10
NFOC_mineral,A,mineral,YC10,False,0,210,0,210,-1,-1,-1,-1,-1,-1,-1,-1,-1,-1,-1,-1,-1,-1,-1,-1,-1,-1,-1,-1,-1,1,3,A,1289.0,DISTID4,10
NFOC_peat,A,peat,YC10,False,0,210,0,210,-1,-1,-1,-1,-1,-1,-1,-1,-1,-1,-1,-1,-1,-1,-1,-1,-1,-1,-1,-1,-1,1,3,A,430.0,DISTID4,10
NFSitka_peat,A,peat,YC24_30,False,0,210,0,210,-1,-1,-1,-1,-1,-1,-1,-1,-1,-1,-1,-1,-1,-1,-1,-1,-1,-1,-1,-1,-1,1,3,A,860.0,DISTID4,10
NFSitka_peat,A,peat,YC24_30,False,0,210,0,210,-1,-1,-1,-1,-1,-1,-1,-1,-1,-1,-1,-1,-1,-1,-1,-1,-1,-1,-1,-1,-1,1,3,A,2935.0,DISTID4,11
NFSitka_mineral,A,mineral,YC4_12,False,0,210,0,210,-1,-1,-1,-1,-1,-1,-1,-1,-1,-1,-1,-1,-1,-1,-1,-1,-1,-1,-1,-1,-1,1,3,A,420.0,DISTID4,11
NFSitka_mineral,A,mineral,YC20_24,False,0,210,0,210,-1,-1,-1,-1,-1,-1,-1,-1,-1,-1,-1,-1,-1,-1,-1,-1,-1,-1,-1,-1,-1,1,3,A,839.0,DISTID4,11
NFSitka_peat,A,peat,YC20_24,False,0,210,0,210,-1,-1,-1,-1,-1,-1,-1,-1,-1,-1,-1,-1,-1,-1,-1,-1,-1,-1,-1,-1,-1,1,3,A,2096.0,DISTID4,11
NFFGB_mineral,A,mineral,YC6,False,0,210,0,210,-1,-1,-1,-1,-1,-1,-1,-1,-1,-1,-1,-1,-1,-1,-1,-1,-1,-1,-1,-1,-1,1,3,A,1258.0,DISTID4,11
NFPine_peat,A,peat,YC12_20,False,0,210,0,210,-1,-1,-1,-1,-1,-1,-1,-1,-1,-1,-1,-1,-1,-1,-1,-1,-1,-1,-1,-1,-1,1,3,A,1258.0,DISTID4,11
NFOC_mineral,A,mineral,YC10,False,0,210,0,210,-1,-1,-1,-1,-1,-1,-1,-1,-1,-1,-1,-1,-1,-1,-1,-1,-1,-1,-1,-1,-1,1,3,A,420.0,DISTID4,11
NFOC_peat,A,peat,YC10,False,0,210,0,210,-1,-1,-1,-1,-1,-1,-1,-1,-1,-1,-1,-1,-1,-1,-1,-1,-1,-1,-1,-1,-1,1,3,A,420.0,DISTID4,11
NFSitka_mineral,A,mineral,YC24_30,False,0,210,0,210,-1,-1,-1,-1,-1,-1,-1,-1,-1,-1,-1,-1,-1,-1,-1,-1,-1,-1,-1,-1,-1,1,3,A,4192.0,DISTID4,11
NFSitka_mineral,A,mineral,YC20_24,False,0,210,0,210,-1,-1,-1,-1,-1,-1,-1,-1,-1,-1,-1,-1,-1,-1,-1,-1,-1,-1,-1,-1,-1,1,3,A,1364.0,DISTID4,12
NFSitka_mineral,A,mineral,YC24_30,False,0,210,0,210,-1,-1,-1,-1,-1,-1,-1,-1,-1,-1,-1,-1,-1,-1,-1,-1,-1,-1,-1,-1,-1,1,3,A,1364.0,DISTID4,12
NFSitka_peat,A,peat,YC20_24,False,0,210,0,210,-1,-1,-1,-1,-1,-1,-1,-1,-1,-1,-1,-1,-1,-1,-1,-1,-1,-1,-1,-1,-1,1,3,A,2725.0,DISTID4,12
NFSitka_peat,A,peat,YC24_30,False,0,210,0,210,-1,-1,-1,-1,-1,-1,-1,-1,-1,-1,-1,-1,-1,-1,-1,-1,-1,-1,-1,-1,-1,1,3,A,2726.0,DISTID4,12
NFFGB_mineral,A,mineral,YC6,False,0,210,0,210,-1,-1,-1,-1,-1,-1,-1,-1,-1,-1,-1,-1,-1,-1,-1,-1,-1,-1,-1,-1,-1,1,3,A,682.0,DISTID4,12
NFFGB_peat,A,peat,YC6,False,0,210,0,210,-1,-1,-1,-1,-1,-1,-1,-1,-1,-1,-1,-1,-1,-1,-1,-1,-1,-1,-1,-1,-1,1,3,A,1363.0,DISTID4,12
NFOC_mineral,A,mineral,YC10,False,0,210,0,210,-1,-1,-1,-1,-1,-1,-1,-1,-1,-1,-1,-1,-1,-1,-1,-1,-1,-1,-1,-1,-1,1,3,A,2727.0,DISTID4,12
NFOC_peat,A,peat,YC10,False,0,210,0,210,-1,-1,-1,-1,-1,-1,-1,-1,-1,-1,-1,-1,-1,-1,-1,-1,-1,-1,-1,-1,-1,1,3,A,682.0,DISTID4,12
NFSitka_mineral,A,mineral,YC17_20,False,0,210,0,210,-1,-1,-1,-1,-1,-1,-1,-1,-1,-1,-1,-1,-1,-1,-1,-1,-1,-1,-1,-1,-1,1,3,A,699.0,DISTID4,13
NFSitka_mineral,A,mineral,YC20_24,False,0,210,0,210,-1,-1,-1,-1,-1,-1,-1,-1,-1,-1,-1,-1,-1,-1,-1,-1,-1,-1,-1,-1,-1,1,3,A,699.0,DISTID4,13
NFSitka_mineral,A,mineral,YC24_30,False,0,210,0,210,-1,-1,-1,-1,-1,-1,-1,-1,-1,-1,-1,-1,-1,-1,-1,-1,-1,-1,-1,-1,-1,1,3,A,2793.0,DISTID4,13
NFSitka_peat,A,peat,YC20_24,False,0,210,0,210,-1,-1,-1,-1,-1,-1,-1,-1,-1,-1,-1,-1,-1,-1,-1,-1,-1,-1,-1,-1,-1,1,3,A,2095.0,DISTID4,13
NFSitka_peat,A,peat,YC24_30,False,0,210,0,210,-1,-1,-1,-1,-1,-1,-1,-1,-1,-1,-1,-1,-1,-1,-1,-1,-1,-1,-1,-1,-1,1,3,A,3491.0,DISTID4,13
NFPine_peat,A,peat,YC4_12,False,0,210,0,210,-1,-1,-1,-1,-1,-1,-1,-1,-1,-1,-1,-1,-1,-1,-1,-1,-1,-1,-1,-1,-1,1,3,A,699.0,DISTID4,13
NFFGB_peat,A,peat,YC6,False,0,210,0,210,-1,-1,-1,-1,-1,-1,-1,-1,-1,-1,-1,-1,-1,-1,-1,-1,-1,-1,-1,-1,-1,1,3,A,699.0,DISTID4,13
NFOC_mineral,A,mineral,YC10,False,0,210,0,210,-1,-1,-1,-1,-1,-1,-1,-1,-1,-1,-1,-1,-1,-1,-1,-1,-1,-1,-1,-1,-1,1,3,A,699.0,DISTID4,13
NFOC_peat,A,peat,YC10,False,0,210,0,210,-1,-1,-1,-1,-1,-1,-1,-1,-1,-1,-1,-1,-1,-1,-1,-1,-1,-1,-1,-1,-1,1,3,A,1397.0,DISTID4,13
NFSitka_peat,A,peat,YC20_24,False,0,210,0,210,-1,-1,-1,-1,-1,-1,-1,-1,-1,-1,-1,-1,-1,-1,-1,-1,-1,-1,-1,-1,-1,1,3,A,802.0,DISTID4,14
NFSitka_mineral,A,mineral,YC17_20,False,0,210,0,210,-1,-1,-1,-1,-1,-1,-1,-1,-1,-1,-1,-1,-1,-1,-1,-1,-1,-1,-1,-1,-1,1,3,A,802.0,DISTID4,14
NFSitka_peat,A,peat,YC13_16,False,0,210,0,210,-1,-1,-1,-1,-1,-1,-1,-1,-1,-1,-1,-1,-1,-1,-1,-1,-1,-1,-1,-1,-1,1,3,A,802.0,DISTID4,14
NFOC_mineral,A,mineral,YC10,False,0,210,0,210,-1,-1,-1,-1,-1,-1,-1,-1,-1,-1,-1,-1,-1,-1,-1,-1,-1,-1,-1,-1,-1,1,3,A,1603.0,DISTID4,14
NFSitka_peat,A,peat,YC24_30,False,0,210,0,210,-1,-1,-1,-1,-1,-1,-1,-1,-1,-1,-1,-1,-1,-1,-1,-1,-1,-1,-1,-1,-1,1,3,A,1603.0,DISTID4,14
NFOC_peat,A,peat,YC10,False,0,210,0,210,-1,-1,-1,-1,-1,-1,-1,-1,-1,-1,-1,-1,-1,-1,-1,-1,-1,-1,-1,-1,-1,1,3,A,1603.0,DISTID4,14
NFSitka_mineral,A,mineral,YC20_24,False,0,210,0,210,-1,-1,-1,-1,-1,-1,-1,-1,-1,-1,-1,-1,-1,-1,-1,-1,-1,-1,-1,-1,-1,1,3,A,802.0,DISTID4,14
NFSitka_mineral,A,mineral,YC20_24,False,0,210,0,210,-1,-1,-1,-1,-1,-1,-1,-1,-1,-1,-1,-1,-1,-1,-1,-1,-1,-1,-1,-1,-1,1,3,A,430.0,DISTID4,15
NFSitka_mineral,A,mineral,YC24_30,False,0,210,0,210,-1,-1,-1,-1,-1,-1,-1,-1,-1,-1,-1,-1,-1,-1,-1,-1,-1,-1,-1,-1,-1,1,3,A,2148.0,DISTID4,15
NFSitka_peat,A,peat,YC13_16,False,0,210,0,210,-1,-1,-1,-1,-1,-1,-1,-1,-1,-1,-1,-1,-1,-1,-1,-1,-1,-1,-1,-1,-1,1,3,A,860.0,DISTID4,15
NFSitka_peat,A,peat,YC20_24,False,0,210,0,210,-1,-1,-1,-1,-1,-1,-1,-1,-1,-1,-1,-1,-1,-1,-1,-1,-1,-1,-1,-1,-1,1,3,A,1288.0,DISTID4,15
NFSitka_peat,A,peat,YC24_30,False,0,210,0,210,-1,-1,-1,-1,-1,-1,-1,-1,-1,-1,-1,-1,-1,-1,-1,-1,-1,-1,-1,-1,-1,1,3,A,1288.0,DISTID4,15
NFPine_peat,A,peat,YC4_12,False,0,210,0,210,-1,-1,-1,-1,-1,-1,-1,-1,-1,-1,-1,-1,-1,-1,-1,-1,-1,-1,-1,-1,-1,1,3,A,430.0,DISTID4,15
NFFGB_peat,A,peat,YC6,False,0,210,0,210,-1,-1,-1,-1,-1,-1,-1,-1,-1,-1,-1,-1,-1,-1,-1,-1,-1,-1,-1,-1,-1,1,3,A,859.0,DISTID4,15
NFOC_mineral,A,mineral,YC10,False,0,210,0,210,-1,-1,-1,-1,-1,-1,-1,-1,-1,-1,-1,-1,-1,-1,-1,-1,-1,-1,-1,-1,-1,1,3,A,430.0,DISTID4,15
NFOC_peat,A,peat,YC10,False,0,210,0,210,-1,-1,-1,-1,-1,-1,-1,-1,-1,-1,-1,-1,-1,-1,-1,-1,-1,-1,-1,-1,-1,1,3,A,430.0,DISTID4,15
NFCBmix_peat,A,peat,YC10,False,0,210,0,210,-1,-1,-1,-1,-1,-1,-1,-1,-1,-1,-1,-1,-1,-1,-1,-1,-1,-1,-1,-1,-1,1,3,A,430.0,DISTID4,15
NFSitka_peat,A,peat,YC20_24,False,0,210,0,210,-1,-1,-1,-1,-1,-1,-1,-1,-1,-1,-1,-1,-1,-1,-1,-1,-1,-1,-1,-1,-1,1,3,A,2965.0,DISTID4,16
NFSitka_peat,A,peat,YC4_12,False,0,210,0,210,-1,-1,-1,-1,-1,-1,-1,-1,-1,-1,-1,-1,-1,-1,-1,-1,-1,-1,-1,-1,-1,1,3,A,742.0,DISTID4,16
NFSitka_mineral,A,mineral,YC24_30,False,0,210,0,210,-1,-1,-1,-1,-1,-1,-1,-1,-1,-1,-1,-1,-1,-1,-1,-1,-1,-1,-1,-1,-1,1,3,A,742.0,DISTID4,16
NFOC_peat,A,peat,YC10,False,0,210,0,210,-1,-1,-1,-1,-1,-1,-1,-1,-1,-1,-1,-1,-1,-1,-1,-1,-1,-1,-1,-1,-1,1,3,A,1484.0,DISTID4,16
NFSGB_mineral,A,mineral,YC6,False,0,210,0,210,-1,-1,-1,-1,-1,-1,-1,-1,-1,-1,-1,-1,-1,-1,-1,-1,-1,-1,-1,-1,-1,1,3,A,742.0,DISTID4,16
NFSitka_peat,A,peat,YC24_30,False,0,210,0,210,-1,-1,-1,-1,-1,-1,-1,-1,-1,-1,-1,-1,-1,-1,-1,-1,-1,-1,-1,-1,-1,1,3,A,2225.0,DISTID4,16
NFSitka_mineral,A,mineral,YC24_30,False,0,210,0,210,-1,-1,-1,-1,-1,-1,-1,-1,-1,-1,-1,-1,-1,-1,-1,-1,-1,-1,-1,-1,-1,1,3,A,2849.0,DISTID4,17
NFSitka_peat,A,peat,YC24_30,False,0,210,0,210,-1,-1,-1,-1,-1,-1,-1,-1,-1,-1,-1,-1,-1,-1,-1,-1,-1,-1,-1,-1,-1,1,3,A,950.0,DISTID4,17
NFOC_mineral,A,mineral,YC10,False,0,210,0,210,-1,-1,-1,-1,-1,-1,-1,-1,-1,-1,-1,-1,-1,-1,-1,-1,-1,-1,-1,-1,-1,1,3,A,950.0,DISTID4,17
NFOC_peat,A,peat,YC10,False,0,210,0,210,-1,-1,-1,-1,-1,-1,-1,-1,-1,-1,-1,-1,-1,-1,-1,-1,-1,-1,-1,-1,-1,1,3,A,950.0,DISTID4,17
Sitka,L,?,YC24_30,False,10,26,10,26,5,-1,-1,-1,-1,-1,-1,-1,-1,-1,-1,-1,-1,-1,-1,-1,-1,-1,-1,-1,-1,1,3,M,9077.0,DISTID2,18
NFSitka_mineral,A,mineral,YC24_30,False,0,210,0,210,-1,-1,-1,-1,-1,-1,-1,-1,-1,-1,-1,-1,-1,-1,-1,-1,-1,-1,-1,-1,-1,1,3,A,763.0,DISTID4,18
Sitka,L,?,YC20_24,False,10,27,10,27,5,-1,-1,-1,-1,-1,-1,-1,-1,-1,-1,-1,-1,-1,-1,-1,-1,-1,-1,-1,-1,1,3,M,1972.0,DISTID2,18
NFSitka_mineral,A,mineral,YC20_24,False,0,210,0,210,-1,-1,-1,-1,-1,-1,-1,-1,-1,-1,-1,-1,-1,-1,-1,-1,-1,-1,-1,-1,-1,1,3,A,763.0,DISTID4,18
NFPine_mineral,A,mineral,YC12_20,False,0,210,0,210,-1,-1,-1,-1,-1,-1,-1,-1,-1,-1,-1,-1,-1,-1,-1,-1,-1,-1,-1,-1,-1,1,3,A,763.0,DISTID4,18
NFSitka_peat,A,peat,YC20_24,False,0,210,0,210,-1,-1,-1,-1,-1,-1,-1,-1,-1,-1,-1,-1,-1,-1,-1,-1,-1,-1,-1,-1,-1,1,3,A,763.0,DISTID4,18
NFFGB_mineral,A,mineral,YC6,False,0,210,0,210,-1,-1,-1,-1,-1,-1,-1,-1,-1,-1,-1,-1,-1,-1,-1,-1,-1,-1,-1,-1,-1,1,3,A,763.0,DISTID4,18
NFCBmix_mineral,A,mineral,YC10,False,0,210,0,210,-1,-1,-1,-1,-1,-1,-1,-1,-1,-1,-1,-1,-1,-1,-1,-1,-1,-1,-1,-1,-1,1,3,A,2288.0,DISTID4,18
Sitka,L,?,YC17_20,False,10,33,10,33,5,-1,-1,-1,-1,-1,-1,-1,-1,-1,-1,-1,-1,-1,-1,-1,-1,-1,-1,-1,-1,1,3,M,9554.0,DISTID2,18
NFSitka_mineral,A,mineral,YC24_30,False,0,210,0,210,-1,-1,-1,-1,-1,-1,-1,-1,-1,-1,-1,-1,-1,-1,-1,-1,-1,-1,-1,-1,-1,1,3,A,591.0,DISTID4,19
Sitka,L,?,YC17_20,False,10,33,10,33,5,-1,-1,-1,-1,-1,-1,-1,-1,-1,-1,-1,-1,-1,-1,-1,-1,-1,-1,-1,-1,1,3,M,2660.0,DISTID2,19
Sitka,L,?,YC20_24,False,10,27,10,27,5,-1,-1,-1,-1,-1,-1,-1,-1,-1,-1,-1,-1,-1,-1,-1,-1,-1,-1,-1,-1,1,3,M,549.0,DISTID2,19
Sitka,L,?,YC24_30,False,10,26,10,26,5,-1,-1,-1,-1,-1,-1,-1,-1,-1,-1,-1,-1,-1,-1,-1,-1,-1,-1,-1,-1,1,3,M,2528.0,DISTID2,19
?,L,?,?,False,0,210,0,210,-1,-1,-1,-1,-1,-1,-1,-1,-1,-1,-1,-1,-1,-1,-1,-1,-1,-1,-1,-1,-1,1,6,A,166.0,DISTID3,19
NFSitka_peat,A,peat,YC24_30,False,0,210,0,210,-1,-1,-1,-1,-1,-1,-1,-1,-1,-1,-1,-1,-1,-1,-1,-1,-1,-1,-1,-1,-1,1,3,A,591.0,DISTID4,19
NFSGB_mineral,A,mineral,YC6,False,0,210,0,210,-1,-1,-1,-1,-1,-1,-1,-1,-1,-1,-1,-1,-1,-1,-1,-1,-1,-1,-1,-1,-1,1,3,A,591.0,DISTID4,19
NFOC_mineral,A,mineral,YC10,False,0,210,0,210,-1,-1,-1,-1,-1,-1,-1,-1,-1,-1,-1,-1,-1,-1,-1,-1,-1,-1,-1,-1,-1,1,3,A,591.0,DISTID4,19
NFOC_peat,A,peat,YC10,False,0,210,0,210,-1,-1,-1,-1,-1,-1,-1,-1,-1,-1,-1,-1,-1,-1,-1,-1,-1,-1,-1,-1,-1,1,3,A,1181.0,DISTID4,19
NFCBmix_mineral,A,mineral,YC10,False,0,210,0,210,-1,-1,-1,-1,-1,-1,-1,-1,-1,-1,-1,-1,-1,-1,-1,-1,-1,-1,-1,-1,-1,1,3,A,591.0,DISTID4,19
NFPine_peat,A,peat,YC12_20,False,0,210,0,210,-1,-1,-1,-1,-1,-1,-1,-1,-1,-1,-1,-1,-1,-1,-1,-1,-1,-1,-1,-1,-1,1,3,A,1181.0,DISTID4,19
?,L,?,?,False,0,210,0,210,-1,-1,-1,-1,-1,-1,-1,-1,-1,-1,-1,-1,-1,-1,-1,-1,-1,-1,-1,-1,-1,1,6,A,47.0,DISTID3,20
NFPine_mineral,A,mineral,YC12_20,False,0,210,0,210,-1,-1,-1,-1,-1,-1,-1,-1,-1,-1,-1,-1,-1,-1,-1,-1,-1,-1,-1,-1,-1,1,3,A,707.0,DISTID4,20
Sitka,L,?,YC20_24,False,10,27,10,27,5,-1,-1,-1,-1,-1,-1,-1,-1,-1,-1,-1,-1,-1,-1,-1,-1,-1,-1,-1,-1,1,3,M,5108.0,DISTID2,20
Sitka,L,?,YC24_30,False,10,26,10,26,5,-1,-1,-1,-1,-1,-1,-1,-1,-1,-1,-1,-1,-1,-1,-1,-1,-1,-1,-1,-1,1,3,M,23521.0,DISTID2,20
NFSitka_peat,A,peat,YC20_24,False,0,210,0,210,-1,-1,-1,-1,-1,-1,-1,-1,-1,-1,-1,-1,-1,-1,-1,-1,-1,-1,-1,-1,-1,1,3,A,707.0,DISTID4,20
NFFGB_peat,A,peat,YC6,False,0,210,0,210,-1,-1,-1,-1,-1,-1,-1,-1,-1,-1,-1,-1,-1,-1,-1,-1,-1,-1,-1,-1,-1,1,3,A,707.0,DISTID4,20
NFFGB_mineral,A,mineral,YC6,False,0,210,0,210,-1,-1,-1,-1,-1,-1,-1,-1,-1,-1,-1,-1,-1,-1,-1,-1,-1,-1,-1,-1,-1,1,3,A,707.0,DISTID4,20
NFOC_mineral,A,mineral,YC10,False,0,210,0,210,-1,-1,-1,-1,-1,-1,-1,-1,-1,-1,-1,-1,-1,-1,-1,-1,-1,-1,-1,-1,-1,1,3,A,1413.0,DISTID4,20
NFCBmix_mineral,A,mineral,YC10,False,0,210,0,210,-1,-1,-1,-1,-1,-1,-1,-1,-1,-1,-1,-1,-1,-1,-1,-1,-1,-1,-1,-1,-1,1,3,A,707.0,DISTID4,20
NFCBmix_peat,A,peat,YC10,False,0,210,0,210,-1,-1,-1,-1,-1,-1,-1,-1,-1,-1,-1,-1,-1,-1,-1,-1,-1,-1,-1,-1,-1,1,3,A,707.0,DISTID4,20
Sitka,L,?,YC17_20,False,10,33,10,33,5,-1,-1,-1,-1,-1,-1,-1,-1,-1,-1,-1,-1,-1,-1,-1,-1,-1,-1,-1,-1,1,3,M,24757.0,DISTID2,20
NFSitka_mineral,A,mineral,YC13_16,False,0,210,0,210,-1,-1,-1,-1,-1,-1,-1,-1,-1,-1,-1,-1,-1,-1,-1,-1,-1,-1,-1,-1,-1,1,3,A,34.0,DISTID4,21
NFSitka_mineral,A,mineral,YC24_30,False,0,210,0,210,-1,-1,-1,-1,-1,-1,-1,-1,-1,-1,-1,-1,-1,-1,-1,-1,-1,-1,-1,-1,-1,1,3,A,983.0,DISTID4,21
NFSitka_mineral,A,mineral,YC20_24,False,0,210,0,210,-1,-1,-1,-1,-1,-1,-1,-1,-1,-1,-1,-1,-1,-1,-1,-1,-1,-1,-1,-1,-1,1,3,A,659.0,DISTID4,21
NFSitka_mineral,A,mineral,YC17_20,False,0,210,0,210,-1,-1,-1,-1,-1,-1,-1,-1,-1,-1,-1,-1,-1,-1,-1,-1,-1,-1,-1,-1,-1,1,3,A,163.0,DISTID4,21
Sitka,L,?,YC17_20,False,10,33,10,33,5,-1,-1,-1,-1,-1,-1,-1,-1,-1,-1,-1,-1,-1,-1,-1,-1,-1,-1,-1,-1,1,3,M,16159.0,DISTID2,21
NFSitka_mineral,A,mineral,YC4_12,False,0,210,0,210,-1,-1,-1,-1,-1,-1,-1,-1,-1,-1,-1,-1,-1,-1,-1,-1,-1,-1,-1,-1,-1,1,3,A,29.0,DISTID4,21
?,L,?,?,False,0,210,0,210,-1,-1,-1,-1,-1,-1,-1,-1,-1,-1,-1,-1,-1,-1,-1,-1,-1,-1,-1,-1,-1,1,6,A,565.0,DISTID3,21
Sitka,L,?,YC24_30,False,10,26,10,26,5,-1,-1,-1,-1,-1,-1,-1,-1,-1,-1,-1,-1,-1,-1,-1,-1,-1,-1,-1,-1,1,3,M,15352.0,DISTID2,21
NFSitka_peat,A,peat,YC13_16,False,0,210,0,210,-1,-1,-1,-1,-1,-1,-1,-1,-1,-1,-1,-1,-1,-1,-1,-1,-1,-1,-1,-1,-1,1,3,A,292.0,DISTID4,21
NFSitka_peat,A,peat,YC4_12,False,0,210,0,210,-1,-1,-1,-1,-1,-1,-1,-1,-1,-1,-1,-1,-1,-1,-1,-1,-1,-1,-1,-1,-1,1,3,A,309.0,DISTID4,21
NFPine_peat,A,peat,YC4_12,False,0,210,0,210,-1,-1,-1,-1,-1,-1,-1,-1,-1,-1,-1,-1,-1,-1,-1,-1,-1,-1,-1,-1,-1,1,3,A,142.0,DISTID4,21
Sitka,L,?,YC20_24,False,10,27,10,27,5,-1,-1,-1,-1,-1,-1,-1,-1,-1,-1,-1,-1,-1,-1,-1,-1,-1,-1,-1,-1,1,3,M,3335.0,DISTID2,21
NFSitka_peat,A,peat,YC24_30,False,0,210,0,210,-1,-1,-1,-1,-1,-1,-1,-1,-1,-1,-1,-1,-1,-1,-1,-1,-1,-1,-1,-1,-1,1,3,A,1158.0,DISTID4,21
NFSitka_peat,A,peat,YC20_24,False,0,210,0,210,-1,-1,-1,-1,-1,-1,-1,-1,-1,-1,-1,-1,-1,-1,-1,-1,-1,-1,-1,-1,-1,1,3,A,856.0,DISTID4,21
NFCBmix_mineral,A,mineral,YC10,False,0,210,0,210,-1,-1,-1,-1,-1,-1,-1,-1,-1,-1,-1,-1,-1,-1,-1,-1,-1,-1,-1,-1,-1,1,3,A,289.0,DISTID4,21
NFOC_peat,A,peat,YC10,False,0,210,0,210,-1,-1,-1,-1,-1,-1,-1,-1,-1,-1,-1,-1,-1,-1,-1,-1,-1,-1,-1,-1,-1,1,3,A,582.0,DISTID4,21
NFOC_mineral,A,mineral,YC10,False,0,210,0,210,-1,-1,-1,-1,-1,-1,-1,-1,-1,-1,-1,-1,-1,-1,-1,-1,-1,-1,-1,-1,-1,1,3,A,499.0,DISTID4,21
NFFGB_peat,A,peat,YC6,False,0,210,0,210,-1,-1,-1,-1,-1,-1,-1,-1,-1,-1,-1,-1,-1,-1,-1,-1,-1,-1,-1,-1,-1,1,3,A,167.0,DISTID4,21
NFCBmix_peat,A,peat,YC10,False,0,210,0,210,-1,-1,-1,-1,-1,-1,-1,-1,-1,-1,-1,-1,-1,-1,-1,-1,-1,-1,-1,-1,-1,1,3,A,116.0,DISTID4,21
NFSGB_mineral,A,mineral,YC6,False,0,210,0,210,-1,-1,-1,-1,-1,-1,-1,-1,-1,-1,-1,-1,-1,-1,-1,-1,-1,-1,-1,-1,-1,1,3,A,99.0,DISTID4,21
NFPine_peat,A,peat,YC12_20,False,0,210,0,210,-1,-1,-1,-1,-1,-1,-1,-1,-1,-1,-1,-1,-1,-1,-1,-1,-1,-1,-1,-1,-1,1,3,A,338.0,DISTID4,21
NFPine_mineral,A,mineral,YC12_20,False,0,210,0,210,-1,-1,-1,-1,-1,-1,-1,-1,-1,-1,-1,-1,-1,-1,-1,-1,-1,-1,-1,-1,-1,1,3,A,101.0,DISTID4,21
NFFGB_mineral,A,mineral,YC6,False,0,210,0,210,-1,-1,-1,-1,-1,-1,-1,-1,-1,-1,-1,-1,-1,-1,-1,-1,-1,-1,-1,-1,-1,1,3,A,271.0,DISTID4,21
NFSitka_peat,A,peat,YC4_12,False,0,210,0,210,-1,-1,-1,-1,-1,-1,-1,-1,-1,-1,-1,-1,-1,-1,-1,-1,-1,-1,-1,-1,-1,1,3,A,248.0,DISTID4,22
NFSitka_peat,A,peat,YC13_16,False,0,210,0,210,-1,-1,-1,-1,-1,-1,-1,-1,-1,-1,-1,-1,-1,-1,-1,-1,-1,-1,-1,-1,-1,1,3,A,234.0,DISTID4,22
NFSitka_mineral,A,mineral,YC13_16,False,0,210,0,210,-1,-1,-1,-1,-1,-1,-1,-1,-1,-1,-1,-1,-1,-1,-1,-1,-1,-1,-1,-1,-1,1,3,A,28.0,DISTID4,22
NFSitka_mineral,A,mineral,YC24_30,False,0,210,0,210,-1,-1,-1,-1,-1,-1,-1,-1,-1,-1,-1,-1,-1,-1,-1,-1,-1,-1,-1,-1,-1,1,3,A,787.0,DISTID4,22
NFSitka_mineral,A,mineral,YC20_24,False,0,210,0,210,-1,-1,-1,-1,-1,-1,-1,-1,-1,-1,-1,-1,-1,-1,-1,-1,-1,-1,-1,-1,-1,1,3,A,528.0,DISTID4,22
NFSitka_mineral,A,mineral,YC17_20,False,0,210,0,210,-1,-1,-1,-1,-1,-1,-1,-1,-1,-1,-1,-1,-1,-1,-1,-1,-1,-1,-1,-1,-1,1,3,A,131.0,DISTID4,22
Sitka,L,?,YC17_20,False,10,33,10,33,5,-1,-1,-1,-1,-1,-1,-1,-1,-1,-1,-1,-1,-1,-1,-1,-1,-1,-1,-1,-1,1,3,M,21103.0,DISTID2,22
NFSitka_mineral,A,mineral,YC4_12,False,0,210,0,210,-1,-1,-1,-1,-1,-1,-1,-1,-1,-1,-1,-1,-1,-1,-1,-1,-1,-1,-1,-1,-1,1,3,A,23.0,DISTID4,22
?,L,?,?,False,0,210,0,210,-1,-1,-1,-1,-1,-1,-1,-1,-1,-1,-1,-1,-1,-1,-1,-1,-1,-1,-1,-1,-1,1,6,A,595.0,DISTID3,22
Sitka,L,?,YC20_24,False,10,27,10,27,5,-1,-1,-1,-1,-1,-1,-1,-1,-1,-1,-1,-1,-1,-1,-1,-1,-1,-1,-1,-1,1,3,M,4355.0,DISTID2,22
NFPine_peat,A,peat,YC4_12,False,0,210,0,210,-1,-1,-1,-1,-1,-1,-1,-1,-1,-1,-1,-1,-1,-1,-1,-1,-1,-1,-1,-1,-1,1,3,A,114.0,DISTID4,22
Sitka,L,?,YC24_30,False,10,26,10,26,5,-1,-1,-1,-1,-1,-1,-1,-1,-1,-1,-1,-1,-1,-1,-1,-1,-1,-1,-1,-1,1,3,M,20048.0,DISTID2,22
NFPine_mineral,A,mineral,YC12_20,False,0,210,0,210,-1,-1,-1,-1,-1,-1,-1,-1,-1,-1,-1,-1,-1,-1,-1,-1,-1,-1,-1,-1,-1,1,3,A,81.0,DISTID4,22
NFCBmix_peat,A,peat,YC10,False,0,210,0,210,-1,-1,-1,-1,-1,-1,-1,-1,-1,-1,-1,-1,-1,-1,-1,-1,-1,-1,-1,-1,-1,1,3,A,93.0,DISTID4,22
NFCBmix_mineral,A,mineral,YC10,False,0,210,0,210,-1,-1,-1,-1,-1,-1,-1,-1,-1,-1,-1,-1,-1,-1,-1,-1,-1,-1,-1,-1,-1,1,3,A,232.0,DISTID4,22
NFOC_peat,A,peat,YC10,False,0,210,0,210,-1,-1,-1,-1,-1,-1,-1,-1,-1,-1,-1,-1,-1,-1,-1,-1,-1,-1,-1,-1,-1,1,3,A,466.0,DISTID4,22
NFOC_mineral,A,mineral,YC10,False,0,210,0,210,-1,-1,-1,-1,-1,-1,-1,-1,-1,-1,-1,-1,-1,-1,-1,-1,-1,-1,-1,-1,-1,1,3,A,402.0,DISTID4,22
NFSitka_peat,A,peat,YC24_30,False,0,210,0,210,-1,-1,-1,-1,-1,-1,-1,-1,-1,-1,-1,-1,-1,-1,-1,-1,-1,-1,-1,-1,-1,1,3,A,928.0,DISTID4,22
NFFGB_mineral,A,mineral,YC6,False,0,210,0,210,-1,-1,-1,-1,-1,-1,-1,-1,-1,-1,-1,-1,-1,-1,-1,-1,-1,-1,-1,-1,-1,1,3,A,218.0,DISTID4,22
NFSGB_mineral,A,mineral,YC6,False,0,210,0,210,-1,-1,-1,-1,-1,-1,-1,-1,-1,-1,-1,-1,-1,-1,-1,-1,-1,-1,-1,-1,-1,1,3,A,79.0,DISTID4,22
NFPine_peat,A,peat,YC12_20,False,0,210,0,210,-1,-1,-1,-1,-1,-1,-1,-1,-1,-1,-1,-1,-1,-1,-1,-1,-1,-1,-1,-1,-1,1,3,A,271.0,DISTID4,22
NFFGB_peat,A,peat,YC6,False,0,210,0,210,-1,-1,-1,-1,-1,-1,-1,-1,-1,-1,-1,-1,-1,-1,-1,-1,-1,-1,-1,-1,-1,1,3,A,134.0,DISTID4,22
NFSitka_peat,A,peat,YC20_24,False,0,210,0,210,-1,-1,-1,-1,-1,-1,-1,-1,-1,-1,-1,-1,-1,-1,-1,-1,-1,-1,-1,-1,-1,1,3,A,685.0,DISTID4,22
NFSitka_peat,A,peat,YC13_16,False,0,210,0,210,-1,-1,-1,-1,-1,-1,-1,-1,-1,-1,-1,-1,-1,-1,-1,-1,-1,-1,-1,-1,-1,1,3,A,200.0,DISTID4,23
NFSitka_peat,A,peat,YC4_12,False,0,210,0,210,-1,-1,-1,-1,-1,-1,-1,-1,-1,-1,-1,-1,-1,-1,-1,-1,-1,-1,-1,-1,-1,1,3,A,213.0,DISTID4,23
Sitka,L,?,YC17_20,False,10,33,10,33,5,-1,-1,-1,-1,-1,-1,-1,-1,-1,-1,-1,-1,-1,-1,-1,-1,-1,-1,-1,-1,1,3,M,12734.0,DISTID2,23
Sitka,L,?,YC20_24,False,10,27,10,27,5,-1,-1,-1,-1,-1,-1,-1,-1,-1,-1,-1,-1,-1,-1,-1,-1,-1,-1,-1,-1,1,3,M,2628.0,DISTID2,23
Sitka,L,?,YC24_30,False,10,26,10,26,5,-1,-1,-1,-1,-1,-1,-1,-1,-1,-1,-1,-1,-1,-1,-1,-1,-1,-1,-1,-1,1,3,M,12098.0,DISTID2,23
?,L,?,?,False,0,210,0,210,-1,-1,-1,-1,-1,-1,-1,-1,-1,-1,-1,-1,-1,-1,-1,-1,-1,-1,-1,-1,-1,1,6,A,17.0,DISTID3,23
NFSitka_mineral,A,mineral,YC4_12,False,0,210,0,210,-1,-1,-1,-1,-1,-1,-1,-1,-1,-1,-1,-1,-1,-1,-1,-1,-1,-1,-1,-1,-1,1,3,A,20.0,DISTID4,23
NFSitka_mineral,A,mineral,YC13_16,False,0,210,0,210,-1,-1,-1,-1,-1,-1,-1,-1,-1,-1,-1,-1,-1,-1,-1,-1,-1,-1,-1,-1,-1,1,3,A,23.0,DISTID4,23
NFSitka_mineral,A,mineral,YC17_20,False,0,210,0,210,-1,-1,-1,-1,-1,-1,-1,-1,-1,-1,-1,-1,-1,-1,-1,-1,-1,-1,-1,-1,-1,1,3,A,113.0,DISTID4,23
NFSitka_mineral,A,mineral,YC20_24,False,0,210,0,210,-1,-1,-1,-1,-1,-1,-1,-1,-1,-1,-1,-1,-1,-1,-1,-1,-1,-1,-1,-1,-1,1,3,A,454.0,DISTID4,23
NFSitka_mineral,A,mineral,YC24_30,False,0,210,0,210,-1,-1,-1,-1,-1,-1,-1,-1,-1,-1,-1,-1,-1,-1,-1,-1,-1,-1,-1,-1,-1,1,3,A,676.0,DISTID4,23
NFSitka_peat,A,peat,YC20_24,False,0,210,0,210,-1,-1,-1,-1,-1,-1,-1,-1,-1,-1,-1,-1,-1,-1,-1,-1,-1,-1,-1,-1,-1,1,3,A,588.0,DISTID4,23
NFPine_peat,A,peat,YC4_12,False,0,210,0,210,-1,-1,-1,-1,-1,-1,-1,-1,-1,-1,-1,-1,-1,-1,-1,-1,-1,-1,-1,-1,-1,1,3,A,98.0,DISTID4,23
NFPine_peat,A,peat,YC12_20,False,0,210,0,210,-1,-1,-1,-1,-1,-1,-1,-1,-1,-1,-1,-1,-1,-1,-1,-1,-1,-1,-1,-1,-1,1,3,A,232.0,DISTID4,23
NFSGB_mineral,A,mineral,YC6,False,0,210,0,210,-1,-1,-1,-1,-1,-1,-1,-1,-1,-1,-1,-1,-1,-1,-1,-1,-1,-1,-1,-1,-1,1,3,A,68.0,DISTID4,23
NFFGB_mineral,A,mineral,YC6,False,0,210,0,210,-1,-1,-1,-1,-1,-1,-1,-1,-1,-1,-1,-1,-1,-1,-1,-1,-1,-1,-1,-1,-1,1,3,A,188.0,DISTID4,23
NFFGB_peat,A,peat,YC6,False,0,210,0,210,-1,-1,-1,-1,-1,-1,-1,-1,-1,-1,-1,-1,-1,-1,-1,-1,-1,-1,-1,-1,-1,1,3,A,115.0,DISTID4,23
NFOC_mineral,A,mineral,YC10,False,0,210,0,210,-1,-1,-1,-1,-1,-1,-1,-1,-1,-1,-1,-1,-1,-1,-1,-1,-1,-1,-1,-1,-1,1,3,A,345.0,DISTID4,23
NFOC_peat,A,peat,YC10,False,0,210,0,210,-1,-1,-1,-1,-1,-1,-1,-1,-1,-1,-1,-1,-1,-1,-1,-1,-1,-1,-1,-1,-1,1,3,A,401.0,DISTID4,23
NFCBmix_mineral,A,mineral,YC10,False,0,210,0,210,-1,-1,-1,-1,-1,-1,-1,-1,-1,-1,-1,-1,-1,-1,-1,-1,-1,-1,-1,-1,-1,1,3,A,199.0,DISTID4,23
NFSitka_peat,A,peat,YC24_30,False,0,210,0,210,-1,-1,-1,-1,-1,-1,-1,-1,-1,-1,-1,-1,-1,-1,-1,-1,-1,-1,-1,-1,-1,1,3,A,796.0,DISTID4,23
NFCBmix_peat,A,peat,YC10,False,0,210,0,210,-1,-1,-1,-1,-1,-1,-1,-1,-1,-1,-1,-1,-1,-1,-1,-1,-1,-1,-1,-1,-1,1,3,A,80.0,DISTID4,23
NFPine_mineral,A,mineral,YC12_20,False,0,210,0,210,-1,-1,-1,-1,-1,-1,-1,-1,-1,-1,-1,-1,-1,-1,-1,-1,-1,-1,-1,-1,-1,1,3,A,70.0,DISTID4,23
Sitka,L,?,YC17_20,False,10,33,10,33,5,-1,-1,-1,-1,-1,-1,-1,-1,-1,-1,-1,-1,-1,-1,-1,-1,-1,-1,-1,-1,1,3,M,24481.0,DISTID2,24
Sitka,L,?,YC20_24,False,10,27,10,27,5,-1,-1,-1,-1,-1,-1,-1,-1,-1,-1,-1,-1,-1,-1,-1,-1,-1,-1,-1,-1,1,3,M,5052.0,DISTID2,24
Sitka,L,?,YC24_30,False,10,26,10,26,5,-1,-1,-1,-1,-1,-1,-1,-1,-1,-1,-1,-1,-1,-1,-1,-1,-1,-1,-1,-1,1,3,M,23258.0,DISTID2,24
?,L,?,?,False,0,210,0,210,-1,-1,-1,-1,-1,-1,-1,-1,-1,-1,-1,-1,-1,-1,-1,-1,-1,-1,-1,-1,-1,1,6,A,157.0,DISTID3,24
NFSitka_peat,A,peat,YC4_12,False,0,210,0,210,-1,-1,-1,-1,-1,-1,-1,-1,-1,-1,-1,-1,-1,-1,-1,-1,-1,-1,-1,-1,-1,1,3,A,229.0,DISTID4,24
NFSitka_mineral,A,mineral,YC4_12,False,0,210,0,210,-1,-1,-1,-1,-1,-1,-1,-1,-1,-1,-1,-1,-1,-1,-1,-1,-1,-1,-1,-1,-1,1,3,A,22.0,DISTID4,24
NFSitka_mineral,A,mineral,YC17_20,False,0,210,0,210,-1,-1,-1,-1,-1,-1,-1,-1,-1,-1,-1,-1,-1,-1,-1,-1,-1,-1,-1,-1,-1,1,3,A,121.0,DISTID4,24
NFSitka_mineral,A,mineral,YC20_24,False,0,210,0,210,-1,-1,-1,-1,-1,-1,-1,-1,-1,-1,-1,-1,-1,-1,-1,-1,-1,-1,-1,-1,-1,1,3,A,488.0,DISTID4,24
NFSitka_mineral,A,mineral,YC24_30,False,0,210,0,210,-1,-1,-1,-1,-1,-1,-1,-1,-1,-1,-1,-1,-1,-1,-1,-1,-1,-1,-1,-1,-1,1,3,A,727.0,DISTID4,24
NFSitka_peat,A,peat,YC13_16,False,0,210,0,210,-1,-1,-1,-1,-1,-1,-1,-1,-1,-1,-1,-1,-1,-1,-1,-1,-1,-1,-1,-1,-1,1,3,A,215.0,DISTID4,24
NFFGB_peat,A,peat,YC6,False,0,210,0,210,-1,-1,-1,-1,-1,-1,-1,-1,-1,-1,-1,-1,-1,-1,-1,-1,-1,-1,-1,-1,-1,1,3,A,123.0,DISTID4,24
NFSitka_mineral,A,mineral,YC13_16,False,0,210,0,210,-1,-1,-1,-1,-1,-1,-1,-1,-1,-1,-1,-1,-1,-1,-1,-1,-1,-1,-1,-1,-1,1,3,A,26.0,DISTID4,24
NFFGB_mineral,A,mineral,YC6,False,0,210,0,210,-1,-1,-1,-1,-1,-1,-1,-1,-1,-1,-1,-1,-1,-1,-1,-1,-1,-1,-1,-1,-1,1,3,A,201.0,DISTID4,24
NFPine_mineral,A,mineral,YC12_20,False,0,210,0,210,-1,-1,-1,-1,-1,-1,-1,-1,-1,-1,-1,-1,-1,-1,-1,-1,-1,-1,-1,-1,-1,1,3,A,75.0,DISTID4,24
NFPine_peat,A,peat,YC4_12,False,0,210,0,210,-1,-1,-1,-1,-1,-1,-1,-1,-1,-1,-1,-1,-1,-1,-1,-1,-1,-1,-1,-1,-1,1,3,A,105.0,DISTID4,24
NFPine_peat,A,peat,YC12_20,False,0,210,0,210,-1,-1,-1,-1,-1,-1,-1,-1,-1,-1,-1,-1,-1,-1,-1,-1,-1,-1,-1,-1,-1,1,3,A,250.0,DISTID4,24
NFSGB_mineral,A,mineral,YC6,False,0,210,0,210,-1,-1,-1,-1,-1,-1,-1,-1,-1,-1,-1,-1,-1,-1,-1,-1,-1,-1,-1,-1,-1,1,3,A,73.0,DISTID4,24
NFSitka_peat,A,peat,YC20_24,False,0,210,0,210,-1,-1,-1,-1,-1,-1,-1,-1,-1,-1,-1,-1,-1,-1,-1,-1,-1,-1,-1,-1,-1,1,3,A,632.0,DISTID4,24
NFCBmix_peat,A,peat,YC10,False,0,210,0,210,-1,-1,-1,-1,-1,-1,-1,-1,-1,-1,-1,-1,-1,-1,-1,-1,-1,-1,-1,-1,-1,1,3,A,86.0,DISTID4,24
NFOC_mineral,A,mineral,YC10,False,0,210,0,210,-1,-1,-1,-1,-1,-1,-1,-1,-1,-1,-1,-1,-1,-1,-1,-1,-1,-1,-1,-1,-1,1,3,A,370.0,DISTID4,24
NFOC_peat,A,peat,YC10,False,0,210,0,210,-1,-1,-1,-1,-1,-1,-1,-1,-1,-1,-1,-1,-1,-1,-1,-1,-1,-1,-1,-1,-1,1,3,A,430.0,DISTID4,24
NFCBmix_mineral,A,mineral,YC10,False,0,210,0,210,-1,-1,-1,-1,-1,-1,-1,-1,-1,-1,-1,-1,-1,-1,-1,-1,-1,-1,-1,-1,-1,1,3,A,214.0,DISTID4,24
NFSitka_peat,A,peat,YC24_30,False,0,210,0,210,-1,-1,-1,-1,-1,-1,-1,-1,-1,-1,-1,-1,-1,-1,-1,-1,-1,-1,-1,-1,-1,1,3,A,855.0,DISTID4,24
Sitka,L,?,YC20_24,False,10,27,10,27,5,-1,-1,-1,-1,-1,-1,-1,-1,-1,-1,-1,-1,-1,-1,-1,-1,-1,-1,-1,-1,1,3,M,44638.0,DISTID2,25
NFSitka_mineral,A,mineral,YC13_16,False,0,210,0,210,-1,-1,-1,-1,-1,-1,-1,-1,-1,-1,-1,-1,-1,-1,-1,-1,-1,-1,-1,-1,-1,1,3,A,25.0,DISTID4,25
NFSitka_peat,A,peat,YC4_12,False,0,210,0,210,-1,-1,-1,-1,-1,-1,-1,-1,-1,-1,-1,-1,-1,-1,-1,-1,-1,-1,-1,-1,-1,1,3,A,226.0,DISTID4,25
NFSitka_mineral,A,mineral,YC24_30,False,0,210,0,210,-1,-1,-1,-1,-1,-1,-1,-1,-1,-1,-1,-1,-1,-1,-1,-1,-1,-1,-1,-1,-1,1,3,A,720.0,DISTID4,25
NFSitka_mineral,A,mineral,YC20_24,False,0,210,0,210,-1,-1,-1,-1,-1,-1,-1,-1,-1,-1,-1,-1,-1,-1,-1,-1,-1,-1,-1,-1,-1,1,3,A,482.0,DISTID4,25
NFSitka_mineral,A,mineral,YC17_20,False,0,210,0,210,-1,-1,-1,-1,-1,-1,-1,-1,-1,-1,-1,-1,-1,-1,-1,-1,-1,-1,-1,-1,-1,1,3,A,121.0,DISTID4,25
Sitka,L,?,YC17_20,False,10,33,10,33,5,-1,-1,-1,-1,-1,-1,-1,-1,-1,-1,-1,-1,-1,-1,-1,-1,-1,-1,-1,-1,1,3,M,54916.0,DISTID2,25
NFSitka_mineral,A,mineral,YC4_12,False,0,210,0,210,-1,-1,-1,-1,-1,-1,-1,-1,-1,-1,-1,-1,-1,-1,-1,-1,-1,-1,-1,-1,-1,1,3,A,21.0,DISTID4,25
?,L,?,?,False,0,210,0,210,-1,-1,-1,-1,-1,-1,-1,-1,-1,-1,-1,-1,-1,-1,-1,-1,-1,-1,-1,-1,-1,1,6,A,133.0,DISTID3,25
Sitka,L,?,YC24_30,False,10,26,10,26,5,-1,-1,-1,-1,-1,-1,-1,-1,-1,-1,-1,-1,-1,-1,-1,-1,-1,-1,-1,-1,1,3,M,120549.0,DISTID2,25
NFSitka_peat,A,peat,YC13_16,False,0,210,0,210,-1,-1,-1,-1,-1,-1,-1,-1,-1,-1,-1,-1,-1,-1,-1,-1,-1,-1,-1,-1,-1,1,3,A,213.0,DISTID4,25
NFSitka_peat,A,peat,YC20_24,False,0,210,0,210,-1,-1,-1,-1,-1,-1,-1,-1,-1,-1,-1,-1,-1,-1,-1,-1,-1,-1,-1,-1,-1,1,3,A,626.0,DISTID4,25
NFSitka_peat,A,peat,YC24_30,False,0,210,0,210,-1,-1,-1,-1,-1,-1,-1,-1,-1,-1,-1,-1,-1,-1,-1,-1,-1,-1,-1,-1,-1,1,3,A,848.0,DISTID4,25
NFCBmix_peat,A,peat,YC10,False,0,210,0,210,-1,-1,-1,-1,-1,-1,-1,-1,-1,-1,-1,-1,-1,-1,-1,-1,-1,-1,-1,-1,-1,1,3,A,85.0,DISTID4,25
NFCBmix_mineral,A,mineral,YC10,False,0,210,0,210,-1,-1,-1,-1,-1,-1,-1,-1,-1,-1,-1,-1,-1,-1,-1,-1,-1,-1,-1,-1,-1,1,3,A,211.0,DISTID4,25
NFOC_peat,A,peat,YC10,False,0,210,0,210,-1,-1,-1,-1,-1,-1,-1,-1,-1,-1,-1,-1,-1,-1,-1,-1,-1,-1,-1,-1,-1,1,3,A,426.0,DISTID4,25
NFOC_mineral,A,mineral,YC10,False,0,210,0,210,-1,-1,-1,-1,-1,-1,-1,-1,-1,-1,-1,-1,-1,-1,-1,-1,-1,-1,-1,-1,-1,1,3,A,366.0,DISTID4,25
NFPine_mineral,A,mineral,YC12_20,False,0,210,0,210,-1,-1,-1,-1,-1,-1,-1,-1,-1,-1,-1,-1,-1,-1,-1,-1,-1,-1,-1,-1,-1,1,3,A,74.0,DISTID4,25
NFFGB_mineral,A,mineral,YC6,False,0,210,0,210,-1,-1,-1,-1,-1,-1,-1,-1,-1,-1,-1,-1,-1,-1,-1,-1,-1,-1,-1,-1,-1,1,3,A,199.0,DISTID4,25
NFSGB_mineral,A,mineral,YC6,False,0,210,0,210,-1,-1,-1,-1,-1,-1,-1,-1,-1,-1,-1,-1,-1,-1,-1,-1,-1,-1,-1,-1,-1,1,3,A,73.0,DISTID4,25
NFPine_peat,A,peat,YC12_20,False,0,210,0,210,-1,-1,-1,-1,-1,-1,-1,-1,-1,-1,-1,-1,-1,-1,-1,-1,-1,-1,-1,-1,-1,1,3,A,247.0,DISTID4,25
NFPine_peat,A,peat,YC4_12,False,0,210,0,210,-1,-1,-1,-1,-1,-1,-1,-1,-1,-1,-1,-1,-1,-1,-1,-1,-1,-1,-1,-1,-1,1,3,A,104.0,DISTID4,25
NFFGB_peat,A,peat,YC6,False,0,210,0,210,-1,-1,-1,-1,-1,-1,-1,-1,-1,-1,-1,-1,-1,-1,-1,-1,-1,-1,-1,-1,-1,1,3,A,122.0,DISTID4,25
NFSitka_peat,A,peat,YC4_12,False,0,210,0,210,-1,-1,-1,-1,-1,-1,-1,-1,-1,-1,-1,-1,-1,-1,-1,-1,-1,-1,-1,-1,-1,1,3,A,220.0,DISTID4,26
Sitka,L,?,YC17_20,False,10,33,10,33,5,-1,-1,-1,-1,-1,-1,-1,-1,-1,-1,-1,-1,-1,-1,-1,-1,-1,-1,-1,-1,1,3,M,19751.0,DISTID2,26
Sitka,L,?,YC20_24,False,10,27,10,27,5,-1,-1,-1,-1,-1,-1,-1,-1,-1,-1,-1,-1,-1,-1,-1,-1,-1,-1,-1,-1,1,3,M,40344.0,DISTID2,26
Sitka,L,?,YC24_30,False,10,26,10,26,5,-1,-1,-1,-1,-1,-1,-1,-1,-1,-1,-1,-1,-1,-1,-1,-1,-1,-1,-1,-1,1,3,M,93221.0,DISTID2,26
?,L,?,?,False,0,210,0,210,-1,-1,-1,-1,-1,-1,-1,-1,-1,-1,-1,-1,-1,-1,-1,-1,-1,-1,-1,-1,-1,1,6,A,75.0,DISTID3,26
NFSitka_mineral,A,mineral,YC4_12,False,0,210,0,210,-1,-1,-1,-1,-1,-1,-1,-1,-1,-1,-1,-1,-1,-1,-1,-1,-1,-1,-1,-1,-1,1,3,A,21.0,DISTID4,26
NFSitka_mineral,A,mineral,YC13_16,False,0,210,0,210,-1,-1,-1,-1,-1,-1,-1,-1,-1,-1,-1,-1,-1,-1,-1,-1,-1,-1,-1,-1,-1,1,3,A,25.0,DISTID4,26
NFSitka_peat,A,peat,YC13_16,False,0,210,0,210,-1,-1,-1,-1,-1,-1,-1,-1,-1,-1,-1,-1,-1,-1,-1,-1,-1,-1,-1,-1,-1,1,3,A,208.0,DISTID4,26
NFSitka_mineral,A,mineral,YC20_24,False,0,210,0,210,-1,-1,-1,-1,-1,-1,-1,-1,-1,-1,-1,-1,-1,-1,-1,-1,-1,-1,-1,-1,-1,1,3,A,469.0,DISTID4,26
NFSitka_mineral,A,mineral,YC24_30,False,0,210,0,210,-1,-1,-1,-1,-1,-1,-1,-1,-1,-1,-1,-1,-1,-1,-1,-1,-1,-1,-1,-1,-1,1,3,A,700.0,DISTID4,26
NFPine_peat,A,peat,YC12_20,False,0,210,0,210,-1,-1,-1,-1,-1,-1,-1,-1,-1,-1,-1,-1,-1,-1,-1,-1,-1,-1,-1,-1,-1,1,3,A,241.0,DISTID4,26
NFSitka_mineral,A,mineral,YC17_20,False,0,210,0,210,-1,-1,-1,-1,-1,-1,-1,-1,-1,-1,-1,-1,-1,-1,-1,-1,-1,-1,-1,-1,-1,1,3,A,116.0,DISTID4,26
NFPine_mineral,A,mineral,YC12_20,False,0,210,0,210,-1,-1,-1,-1,-1,-1,-1,-1,-1,-1,-1,-1,-1,-1,-1,-1,-1,-1,-1,-1,-1,1,3,A,72.0,DISTID4,26
NFPine_peat,A,peat,YC4_12,False,0,210,0,210,-1,-1,-1,-1,-1,-1,-1,-1,-1,-1,-1,-1,-1,-1,-1,-1,-1,-1,-1,-1,-1,1,3,A,101.0,DISTID4,26
NFCBmix_peat,A,peat,YC10,False,0,210,0,210,-1,-1,-1,-1,-1,-1,-1,-1,-1,-1,-1,-1,-1,-1,-1,-1,-1,-1,-1,-1,-1,1,3,A,83.0,DISTID4,26
NFSGB_mineral,A,mineral,YC6,False,0,210,0,210,-1,-1,-1,-1,-1,-1,-1,-1,-1,-1,-1,-1,-1,-1,-1,-1,-1,-1,-1,-1,-1,1,3,A,71.0,DISTID4,26
NFFGB_mineral,A,mineral,YC6,False,0,210,0,210,-1,-1,-1,-1,-1,-1,-1,-1,-1,-1,-1,-1,-1,-1,-1,-1,-1,-1,-1,-1,-1,1,3,A,193.0,DISTID4,26
NFFGB_peat,A,peat,YC6,False,0,210,0,210,-1,-1,-1,-1,-1,-1,-1,-1,-1,-1,-1,-1,-1,-1,-1,-1,-1,-1,-1,-1,-1,1,3,A,119.0,DISTID4,26
NFOC_mineral,A,mineral,YC10,False,0,210,0,210,-1,-1,-1,-1,-1,-1,-1,-1,-1,-1,-1,-1,-1,-1,-1,-1,-1,-1,-1,-1,-1,1,3,A,356.0,DISTID4,26
NFOC_peat,A,peat,YC10,False,0,210,0,210,-1,-1,-1,-1,-1,-1,-1,-1,-1,-1,-1,-1,-1,-1,-1,-1,-1,-1,-1,-1,-1,1,3,A,414.0,DISTID4,26
NFCBmix_mineral,A,mineral,YC10,False,0,210,0,210,-1,-1,-1,-1,-1,-1,-1,-1,-1,-1,-1,-1,-1,-1,-1,-1,-1,-1,-1,-1,-1,1,3,A,207.0,DISTID4,26
NFSitka_peat,A,peat,YC24_30,False,0,210,0,210,-1,-1,-1,-1,-1,-1,-1,-1,-1,-1,-1,-1,-1,-1,-1,-1,-1,-1,-1,-1,-1,1,3,A,824.0,DISTID4,26
NFSitka_peat,A,peat,YC20_24,False,0,210,0,210,-1,-1,-1,-1,-1,-1,-1,-1,-1,-1,-1,-1,-1,-1,-1,-1,-1,-1,-1,-1,-1,1,3,A,609.0,DISTID4,26
Sitka,L,?,YC17_20,False,10,33,10,33,5,-1,-1,-1,-1,-1,-1,-1,-1,-1,-1,-1,-1,-1,-1,-1,-1,-1,-1,-1,-1,1,3,M,30355.0,DISTID2,27
Sitka,L,?,YC20_24,False,10,27,10,27,5,-1,-1,-1,-1,-1,-1,-1,-1,-1,-1,-1,-1,-1,-1,-1,-1,-1,-1,-1,-1,1,3,M,32942.0,DISTID2,27
Sitka,L,?,YC24_30,False,10,26,10,26,5,-1,-1,-1,-1,-1,-1,-1,-1,-1,-1,-1,-1,-1,-1,-1,-1,-1,-1,-1,-1,1,3,M,83609.0,DISTID2,27
SGB,L,?,YC6,False,25,64,25,64,5,-1,-1,-1,-1,-1,-1,-1,-1,-1,-1,-1,-1,-1,-1,-1,-1,-1,-1,-1,-1,1,12,M,21.0,DISTID2,27
FGB,L,?,YC6,False,15,37,15,37,5,-1,-1,-1,-1,-1,-1,-1,-1,-1,-1,-1,-1,-1,-1,-1,-1,-1,-1,-1,-1,1,12,M,83.0,DISTID2,27
NFSitka_mineral,A,mineral,YC17_20,False,0,210,0,210,-1,-1,-1,-1,-1,-1,-1,-1,-1,-1,-1,-1,-1,-1,-1,-1,-1,-1,-1,-1,-1,1,3,A,124.0,DISTID4,27
CBmix,L,?,YC10,False,15,39,15,39,7,-1,-1,-1,-1,-1,-1,-1,-1,-1,-1,-1,-1,-1,-1,-1,-1,-1,-1,-1,-1,1,3,M,59.0,DISTID2,27
?,L,?,?,False,0,210,0,210,-1,-1,-1,-1,-1,-1,-1,-1,-1,-1,-1,-1,-1,-1,-1,-1,-1,-1,-1,-1,-1,1,6,A,15.0,DISTID3,27
NFSitka_mineral,A,mineral,YC4_12,False,0,210,0,210,-1,-1,-1,-1,-1,-1,-1,-1,-1,-1,-1,-1,-1,-1,-1,-1,-1,-1,-1,-1,-1,1,3,A,23.0,DISTID4,27
NFSitka_mineral,A,mineral,YC13_16,False,0,210,0,210,-1,-1,-1,-1,-1,-1,-1,-1,-1,-1,-1,-1,-1,-1,-1,-1,-1,-1,-1,-1,-1,1,3,A,26.0,DISTID4,27
OC,L,?,YC10,False,15,39,15,39,5,-1,-1,-1,-1,-1,-1,-1,-1,-1,-1,-1,-1,-1,-1,-1,-1,-1,-1,-1,-1,1,3,M,3073.0,DISTID2,27
Pine,L,?,YC12_20,False,15,29,15,29,4,-1,-1,-1,-1,-1,-1,-1,-1,-1,-1,-1,-1,-1,-1,-1,-1,-1,-1,-1,-1,1,3,M,3158.0,DISTID2,27
NFSitka_mineral,A,mineral,YC20_24,False,0,210,0,210,-1,-1,-1,-1,-1,-1,-1,-1,-1,-1,-1,-1,-1,-1,-1,-1,-1,-1,-1,-1,-1,1,3,A,501.0,DISTID4,27
NFSitka_mineral,A,mineral,YC24_30,False,0,210,0,210,-1,-1,-1,-1,-1,-1,-1,-1,-1,-1,-1,-1,-1,-1,-1,-1,-1,-1,-1,-1,-1,1,3,A,748.0,DISTID4,27
NFSitka_peat,A,peat,YC4_12,False,0,210,0,210,-1,-1,-1,-1,-1,-1,-1,-1,-1,-1,-1,-1,-1,-1,-1,-1,-1,-1,-1,-1,-1,1,3,A,235.0,DISTID4,27
NFSitka_peat,A,peat,YC13_16,False,0,210,0,210,-1,-1,-1,-1,-1,-1,-1,-1,-1,-1,-1,-1,-1,-1,-1,-1,-1,-1,-1,-1,-1,1,3,A,222.0,DISTID4,27
NFSitka_peat,A,peat,YC20_24,False,0,210,0,210,-1,-1,-1,-1,-1,-1,-1,-1,-1,-1,-1,-1,-1,-1,-1,-1,-1,-1,-1,-1,-1,1,3,A,650.0,DISTID4,27
NFSitka_peat,A,peat,YC24_30,False,0,210,0,210,-1,-1,-1,-1,-1,-1,-1,-1,-1,-1,-1,-1,-1,-1,-1,-1,-1,-1,-1,-1,-1,1,3,A,880.0,DISTID4,27
NFPine_mineral,A,mineral,YC12_20,False,0,210,0,210,-1,-1,-1,-1,-1,-1,-1,-1,-1,-1,-1,-1,-1,-1,-1,-1,-1,-1,-1,-1,-1,1,3,A,77.0,DISTID4,27
NFPine_peat,A,peat,YC12_20,False,0,210,0,210,-1,-1,-1,-1,-1,-1,-1,-1,-1,-1,-1,-1,-1,-1,-1,-1,-1,-1,-1,-1,-1,1,3,A,257.0,DISTID4,27
NFCBmix_mineral,A,mineral,YC10,False,0,210,0,210,-1,-1,-1,-1,-1,-1,-1,-1,-1,-1,-1,-1,-1,-1,-1,-1,-1,-1,-1,-1,-1,1,3,A,220.0,DISTID4,27
NFPine_peat,A,peat,YC4_12,False,0,210,0,210,-1,-1,-1,-1,-1,-1,-1,-1,-1,-1,-1,-1,-1,-1,-1,-1,-1,-1,-1,-1,-1,1,3,A,108.0,DISTID4,27
NFFGB_peat,A,peat,YC6,False,0,210,0,210,-1,-1,-1,-1,-1,-1,-1,-1,-1,-1,-1,-1,-1,-1,-1,-1,-1,-1,-1,-1,-1,1,3,A,127.0,DISTID4,27
NFOC_mineral,A,mineral,YC10,False,0,210,0,210,-1,-1,-1,-1,-1,-1,-1,-1,-1,-1,-1,-1,-1,-1,-1,-1,-1,-1,-1,-1,-1,1,3,A,380.0,DISTID4,27
NFOC_peat,A,peat,YC10,False,0,210,0,210,-1,-1,-1,-1,-1,-1,-1,-1,-1,-1,-1,-1,-1,-1,-1,-1,-1,-1,-1,-1,-1,1,3,A,442.0,DISTID4,27
NFCBmix_peat,A,peat,YC10,False,0,210,0,210,-1,-1,-1,-1,-1,-1,-1,-1,-1,-1,-1,-1,-1,-1,-1,-1,-1,-1,-1,-1,-1,1,3,A,88.0,DISTID4,27
NFSGB_mineral,A,mineral,YC6,False,0,210,0,210,-1,-1,-1,-1,-1,-1,-1,-1,-1,-1,-1,-1,-1,-1,-1,-1,-1,-1,-1,-1,-1,1,3,A,75.0,DISTID4,27
NFFGB_mineral,A,mineral,YC6,False,0,210,0,210,-1,-1,-1,-1,-1,-1,-1,-1,-1,-1,-1,-1,-1,-1,-1,-1,-1,-1,-1,-1,-1,1,3,A,207.0,DISTID4,27
FGB,L,?,YC6,False,15,37,15,37,5,-1,-1,-1,-1,-1,-1,-1,-1,-1,-1,-1,-1,-1,-1,-1,-1,-1,-1,-1,-1,1,12,M,64.0,DISTID2,28
NFSitka_mineral,A,mineral,YC24_30,False,0,210,0,210,-1,-1,-1,-1,-1,-1,-1,-1,-1,-1,-1,-1,-1,-1,-1,-1,-1,-1,-1,-1,-1,1,3,A,698.0,DISTID4,28
Sitka,L,?,YC24_30,False,10,26,10,26,5,-1,-1,-1,-1,-1,-1,-1,-1,-1,-1,-1,-1,-1,-1,-1,-1,-1,-1,-1,-1,1,3,M,75936.0,DISTID2,28
Pine,L,?,YC12_20,False,15,29,15,29,4,-1,-1,-1,-1,-1,-1,-1,-1,-1,-1,-1,-1,-1,-1,-1,-1,-1,-1,-1,-1,1,3,M,3794.0,DISTID2,28
SGB,L,?,YC6,False,25,64,25,64,5,-1,-1,-1,-1,-1,-1,-1,-1,-1,-1,-1,-1,-1,-1,-1,-1,-1,-1,-1,-1,1,12,M,16.0,DISTID2,28
Sitka,L,?,YC24_30,False,27,200,27,200,-1,-1,-1,-1,-1,-1,-1,-1,-1,-1,-1,-1,-1,-1,-1,-1,-1,-1,-1,-1,-1,1,3,M,25600.0,DISTID1,28
Sitka,L,?,YC17_20,False,10,33,10,33,5,-1,-1,-1,-1,-1,-1,-1,-1,-1,-1,-1,-1,-1,-1,-1,-1,-1,-1,-1,-1,1,3,M,75164.0,DISTID2,28
?,L,?,?,False,0,210,0,210,-1,-1,-1,-1,-1,-1,-1,-1,-1,-1,-1,-1,-1,-1,-1,-1,-1,-1,-1,-1,-1,1,6,A,823.0,DISTID3,28
NFSitka_mineral,A,mineral,YC4_12,False,0,210,0,210,-1,-1,-1,-1,-1,-1,-1,-1,-1,-1,-1,-1,-1,-1,-1,-1,-1,-1,-1,-1,-1,1,3,A,21.0,DISTID4,28
NFSitka_mineral,A,mineral,YC13_16,False,0,210,0,210,-1,-1,-1,-1,-1,-1,-1,-1,-1,-1,-1,-1,-1,-1,-1,-1,-1,-1,-1,-1,-1,1,3,A,25.0,DISTID4,28
NFSitka_mineral,A,mineral,YC17_20,False,0,210,0,210,-1,-1,-1,-1,-1,-1,-1,-1,-1,-1,-1,-1,-1,-1,-1,-1,-1,-1,-1,-1,-1,1,3,A,116.0,DISTID4,28
OC,L,?,YC10,False,15,39,15,39,5,-1,-1,-1,-1,-1,-1,-1,-1,-1,-1,-1,-1,-1,-1,-1,-1,-1,-1,-1,-1,1,3,M,5152.0,DISTID2,28
CBmix,L,?,YC10,False,15,39,15,39,7,-1,-1,-1,-1,-1,-1,-1,-1,-1,-1,-1,-1,-1,-1,-1,-1,-1,-1,-1,-1,1,3,M,48.0,DISTID2,28
NFSitka_mineral,A,mineral,YC20_24,False,0,210,0,210,-1,-1,-1,-1,-1,-1,-1,-1,-1,-1,-1,-1,-1,-1,-1,-1,-1,-1,-1,-1,-1,1,3,A,468.0,DISTID4,28
NFSitka_peat,A,peat,YC24_30,False,0,210,0,210,-1,-1,-1,-1,-1,-1,-1,-1,-1,-1,-1,-1,-1,-1,-1,-1,-1,-1,-1,-1,-1,1,3,A,823.0,DISTID4,28
NFSitka_peat,A,peat,YC4_12,False,0,210,0,210,-1,-1,-1,-1,-1,-1,-1,-1,-1,-1,-1,-1,-1,-1,-1,-1,-1,-1,-1,-1,-1,1,3,A,220.0,DISTID4,28
NFSitka_peat,A,peat,YC20_24,False,0,210,0,210,-1,-1,-1,-1,-1,-1,-1,-1,-1,-1,-1,-1,-1,-1,-1,-1,-1,-1,-1,-1,-1,1,3,A,608.0,DISTID4,28
Sitka,L,?,YC20_24,False,10,27,10,27,5,-1,-1,-1,-1,-1,-1,-1,-1,-1,-1,-1,-1,-1,-1,-1,-1,-1,-1,-1,-1,1,3,M,178792.0,DISTID2,28
NFPine_mineral,A,mineral,YC12_20,False,0,210,0,210,-1,-1,-1,-1,-1,-1,-1,-1,-1,-1,-1,-1,-1,-1,-1,-1,-1,-1,-1,-1,-1,1,3,A,72.0,DISTID4,28
NFPine_peat,A,peat,YC4_12,False,0,210,0,210,-1,-1,-1,-1,-1,-1,-1,-1,-1,-1,-1,-1,-1,-1,-1,-1,-1,-1,-1,-1,-1,1,3,A,101.0,DISTID4,28
NFSGB_mineral,A,mineral,YC6,False,0,210,0,210,-1,-1,-1,-1,-1,-1,-1,-1,-1,-1,-1,-1,-1,-1,-1,-1,-1,-1,-1,-1,-1,1,3,A,71.0,DISTID4,28
NFSitka_peat,A,peat,YC13_16,False,0,210,0,210,-1,-1,-1,-1,-1,-1,-1,-1,-1,-1,-1,-1,-1,-1,-1,-1,-1,-1,-1,-1,-1,1,3,A,207.0,DISTID4,28
NFPine_peat,A,peat,YC12_20,False,0,210,0,210,-1,-1,-1,-1,-1,-1,-1,-1,-1,-1,-1,-1,-1,-1,-1,-1,-1,-1,-1,-1,-1,1,3,A,240.0,DISTID4,28
NFOC_mineral,A,mineral,YC10,False,0,210,0,210,-1,-1,-1,-1,-1,-1,-1,-1,-1,-1,-1,-1,-1,-1,-1,-1,-1,-1,-1,-1,-1,1,3,A,356.0,DISTID4,28
NFOC_peat,A,peat,YC10,False,0,210,0,210,-1,-1,-1,-1,-1,-1,-1,-1,-1,-1,-1,-1,-1,-1,-1,-1,-1,-1,-1,-1,-1,1,3,A,413.0,DISTID4,28
NFCBmix_mineral,A,mineral,YC10,False,0,210,0,210,-1,-1,-1,-1,-1,-1,-1,-1,-1,-1,-1,-1,-1,-1,-1,-1,-1,-1,-1,-1,-1,1,3,A,205.0,DISTID4,28
NFCBmix_peat,A,peat,YC10,False,0,210,0,210,-1,-1,-1,-1,-1,-1,-1,-1,-1,-1,-1,-1,-1,-1,-1,-1,-1,-1,-1,-1,-1,1,3,A,83.0,DISTID4,28
NFFGB_mineral,A,mineral,YC6,False,0,210,0,210,-1,-1,-1,-1,-1,-1,-1,-1,-1,-1,-1,-1,-1,-1,-1,-1,-1,-1,-1,-1,-1,1,3,A,193.0,DISTID4,28
NFFGB_peat,A,peat,YC6,False,0,210,0,210,-1,-1,-1,-1,-1,-1,-1,-1,-1,-1,-1,-1,-1,-1,-1,-1,-1,-1,-1,-1,-1,1,3,A,119.0,DISTID4,28
Sitka,L,?,YC17_20,False,10,33,10,33,5,-1,-1,-1,-1,-1,-1,-1,-1,-1,-1,-1,-1,-1,-1,-1,-1,-1,-1,-1,-1,1,3,M,46012.0,DISTID2,29
Sitka,L,?,YC20_24,False,10,27,10,27,5,-1,-1,-1,-1,-1,-1,-1,-1,-1,-1,-1,-1,-1,-1,-1,-1,-1,-1,-1,-1,1,3,M,37846.0,DISTID2,29
Sitka,L,?,YC24_30,False,10,26,10,26,5,-1,-1,-1,-1,-1,-1,-1,-1,-1,-1,-1,-1,-1,-1,-1,-1,-1,-1,-1,-1,1,3,M,101917.0,DISTID2,29
SGB,L,?,YC6,False,25,64,25,64,5,-1,-1,-1,-1,-1,-1,-1,-1,-1,-1,-1,-1,-1,-1,-1,-1,-1,-1,-1,-1,1,12,M,30.0,DISTID2,29
FGB,L,?,YC6,False,15,37,15,37,5,-1,-1,-1,-1,-1,-1,-1,-1,-1,-1,-1,-1,-1,-1,-1,-1,-1,-1,-1,-1,1,12,M,72052.0,DISTID2,29
Pine,L,?,YC12_20,False,15,29,15,29,4,-1,-1,-1,-1,-1,-1,-1,-1,-1,-1,-1,-1,-1,-1,-1,-1,-1,-1,-1,-1,1,3,M,4391.0,DISTID2,29
NFSitka_mineral,A,mineral,YC4_12,False,0,210,0,210,-1,-1,-1,-1,-1,-1,-1,-1,-1,-1,-1,-1,-1,-1,-1,-1,-1,-1,-1,-1,-1,1,3,A,29.0,DISTID4,29
?,L,?,?,False,0,210,0,210,-1,-1,-1,-1,-1,-1,-1,-1,-1,-1,-1,-1,-1,-1,-1,-1,-1,-1,-1,-1,-1,1,6,A,211.0,DISTID3,29
NFSitka_mineral,A,mineral,YC13_16,False,0,210,0,210,-1,-1,-1,-1,-1,-1,-1,-1,-1,-1,-1,-1,-1,-1,-1,-1,-1,-1,-1,-1,-1,1,3,A,34.0,DISTID4,29
NFSitka_mineral,A,mineral,YC17_20,False,0,210,0,210,-1,-1,-1,-1,-1,-1,-1,-1,-1,-1,-1,-1,-1,-1,-1,-1,-1,-1,-1,-1,-1,1,3,A,166.0,DISTID4,29
OC,L,?,YC10,False,15,39,15,39,5,-1,-1,-1,-1,-1,-1,-1,-1,-1,-1,-1,-1,-1,-1,-1,-1,-1,-1,-1,-1,1,3,M,39858.0,DISTID2,29
Sitka,L,?,YC24_30,False,27,200,27,200,-1,-1,-1,-1,-1,-1,-1,-1,-1,-1,-1,-1,-1,-1,-1,-1,-1,-1,-1,-1,-1,1,3,M,26182.0,DISTID1,29
CBmix,L,?,YC10,False,15,39,15,39,7,-1,-1,-1,-1,-1,-1,-1,-1,-1,-1,-1,-1,-1,-1,-1,-1,-1,-1,-1,-1,1,3,M,89.0,DISTID2,29
NFSitka_mineral,A,mineral,YC20_24,False,0,210,0,210,-1,-1,-1,-1,-1,-1,-1,-1,-1,-1,-1,-1,-1,-1,-1,-1,-1,-1,-1,-1,-1,1,3,A,671.0,DISTID4,29
NFSitka_mineral,A,mineral,YC24_30,False,0,210,0,210,-1,-1,-1,-1,-1,-1,-1,-1,-1,-1,-1,-1,-1,-1,-1,-1,-1,-1,-1,-1,-1,1,3,A,1002.0,DISTID4,29
NFSitka_peat,A,peat,YC4_12,False,0,210,0,210,-1,-1,-1,-1,-1,-1,-1,-1,-1,-1,-1,-1,-1,-1,-1,-1,-1,-1,-1,-1,-1,1,3,A,315.0,DISTID4,29
NFSitka_peat,A,peat,YC20_24,False,0,210,0,210,-1,-1,-1,-1,-1,-1,-1,-1,-1,-1,-1,-1,-1,-1,-1,-1,-1,-1,-1,-1,-1,1,3,A,872.0,DISTID4,29
NFSitka_peat,A,peat,YC24_30,False,0,210,0,210,-1,-1,-1,-1,-1,-1,-1,-1,-1,-1,-1,-1,-1,-1,-1,-1,-1,-1,-1,-1,-1,1,3,A,1180.0,DISTID4,29
NFPine_mineral,A,mineral,YC12_20,False,0,210,0,210,-1,-1,-1,-1,-1,-1,-1,-1,-1,-1,-1,-1,-1,-1,-1,-1,-1,-1,-1,-1,-1,1,3,A,102.0,DISTID4,29
NFPine_peat,A,peat,YC4_12,False,0,210,0,210,-1,-1,-1,-1,-1,-1,-1,-1,-1,-1,-1,-1,-1,-1,-1,-1,-1,-1,-1,-1,-1,1,3,A,144.0,DISTID4,29
NFSGB_mineral,A,mineral,YC6,False,0,210,0,210,-1,-1,-1,-1,-1,-1,-1,-1,-1,-1,-1,-1,-1,-1,-1,-1,-1,-1,-1,-1,-1,1,3,A,101.0,DISTID4,29
NFOC_mineral,A,mineral,YC10,False,0,210,0,210,-1,-1,-1,-1,-1,-1,-1,-1,-1,-1,-1,-1,-1,-1,-1,-1,-1,-1,-1,-1,-1,1,3,A,508.0,DISTID4,29
NFPine_peat,A,peat,YC12_20,False,0,210,0,210,-1,-1,-1,-1,-1,-1,-1,-1,-1,-1,-1,-1,-1,-1,-1,-1,-1,-1,-1,-1,-1,1,3,A,344.0,DISTID4,29
NFOC_peat,A,peat,YC10,False,0,210,0,210,-1,-1,-1,-1,-1,-1,-1,-1,-1,-1,-1,-1,-1,-1,-1,-1,-1,-1,-1,-1,-1,1,3,A,593.0,DISTID4,29
NFCBmix_mineral,A,mineral,YC10,False,0,210,0,210,-1,-1,-1,-1,-1,-1,-1,-1,-1,-1,-1,-1,-1,-1,-1,-1,-1,-1,-1,-1,-1,1,3,A,295.0,DISTID4,29
NFCBmix_peat,A,peat,YC10,False,0,210,0,210,-1,-1,-1,-1,-1,-1,-1,-1,-1,-1,-1,-1,-1,-1,-1,-1,-1,-1,-1,-1,-1,1,3,A,118.0,DISTID4,29
NFSitka_peat,A,peat,YC13_16,False,0,210,0,210,-1,-1,-1,-1,-1,-1,-1,-1,-1,-1,-1,-1,-1,-1,-1,-1,-1,-1,-1,-1,-1,1,3,A,297.0,DISTID4,29
NFFGB_mineral,A,mineral,YC6,False,0,210,0,210,-1,-1,-1,-1,-1,-1,-1,-1,-1,-1,-1,-1,-1,-1,-1,-1,-1,-1,-1,-1,-1,1,3,A,275.0,DISTID4,29
NFFGB_peat,A,peat,YC6,False,0,210,0,210,-1,-1,-1,-1,-1,-1,-1,-1,-1,-1,-1,-1,-1,-1,-1,-1,-1,-1,-1,-1,-1,1,3,A,170.0,DISTID4,29
Pine,L,?,YC12_20,False,15,29,15,29,4,-1,-1,-1,-1,-1,-1,-1,-1,-1,-1,-1,-1,-1,-1,-1,-1,-1,-1,-1,-1,1,3,M,9137.0,DISTID2,30
NFSitka_mineral,A,mineral,YC20_24,False,0,210,0,210,-1,-1,-1,-1,-1,-1,-1,-1,-1,-1,-1,-1,-1,-1,-1,-1,-1,-1,-1,-1,-1,1,3,A,671.0,DISTID4,30
Sitka,L,?,YC24_30,False,27,200,27,200,-1,-1,-1,-1,-1,-1,-1,-1,-1,-1,-1,-1,-1,-1,-1,-1,-1,-1,-1,-1,-1,1,3,M,103446.0,DISTID1,30
Sitka,L,?,YC17_20,False,10,33,10,33,5,-1,-1,-1,-1,-1,-1,-1,-1,-1,-1,-1,-1,-1,-1,-1,-1,-1,-1,-1,-1,1,3,M,78980.0,DISTID2,30
Sitka,L,?,YC20_24,False,10,27,10,27,5,-1,-1,-1,-1,-1,-1,-1,-1,-1,-1,-1,-1,-1,-1,-1,-1,-1,-1,-1,-1,1,3,M,41822.0,DISTID2,30
SGB,L,?,YC6,False,25,64,25,64,5,-1,-1,-1,-1,-1,-1,-1,-1,-1,-1,-1,-1,-1,-1,-1,-1,-1,-1,-1,-1,1,12,M,410.0,DISTID2,30
FGB,L,?,YC6,False,15,37,15,37,5,-1,-1,-1,-1,-1,-1,-1,-1,-1,-1,-1,-1,-1,-1,-1,-1,-1,-1,-1,-1,1,12,M,11873.0,DISTID2,30
OC,L,?,YC10,False,15,39,15,39,5,-1,-1,-1,-1,-1,-1,-1,-1,-1,-1,-1,-1,-1,-1,-1,-1,-1,-1,-1,-1,1,3,M,34144.0,DISTID2,30
CBmix,L,?,YC10,False,15,39,15,39,7,-1,-1,-1,-1,-1,-1,-1,-1,-1,-1,-1,-1,-1,-1,-1,-1,-1,-1,-1,-1,1,3,M,1852.0,DISTID2,30
?,L,?,?,False,0,210,0,210,-1,-1,-1,-1,-1,-1,-1,-1,-1,-1,-1,-1,-1,-1,-1,-1,-1,-1,-1,-1,-1,1,6,A,24.0,DISTID3,30
NFSitka_mineral,A,mineral,YC4_12,False,0,210,0,210,-1,-1,-1,-1,-1,-1,-1,-1,-1,-1,-1,-1,-1,-1,-1,-1,-1,-1,-1,-1,-1,1,3,A,29.0,DISTID4,30
NFSitka_mineral,A,mineral,YC13_16,False,0,210,0,210,-1,-1,-1,-1,-1,-1,-1,-1,-1,-1,-1,-1,-1,-1,-1,-1,-1,-1,-1,-1,-1,1,3,A,34.0,DISTID4,30
NFSitka_mineral,A,mineral,YC17_20,False,0,210,0,210,-1,-1,-1,-1,-1,-1,-1,-1,-1,-1,-1,-1,-1,-1,-1,-1,-1,-1,-1,-1,-1,1,3,A,166.0,DISTID4,30
Sitka,L,?,YC24_30,False,10,26,10,26,5,-1,-1,-1,-1,-1,-1,-1,-1,-1,-1,-1,-1,-1,-1,-1,-1,-1,-1,-1,-1,1,3,M,47000.0,DISTID2,30
Sitka,L,?,YC20_24,False,28,200,28,200,-1,-1,-1,-1,-1,-1,-1,-1,-1,-1,-1,-1,-1,-1,-1,-1,-1,-1,-1,-1,-1,1,3,M,70918.0,DISTID1,30
NFPine_peat,A,peat,YC4_12,False,0,210,0,210,-1,-1,-1,-1,-1,-1,-1,-1,-1,-1,-1,-1,-1,-1,-1,-1,-1,-1,-1,-1,-1,1,3,A,144.0,DISTID4,30
NFSGB_mineral,A,mineral,YC6,False,0,210,0,210,-1,-1,-1,-1,-1,-1,-1,-1,-1,-1,-1,-1,-1,-1,-1,-1,-1,-1,-1,-1,-1,1,3,A,101.0,DISTID4,30
NFSitka_mineral,A,mineral,YC24_30,False,0,210,0,210,-1,-1,-1,-1,-1,-1,-1,-1,-1,-1,-1,-1,-1,-1,-1,-1,-1,-1,-1,-1,-1,1,3,A,1002.0,DISTID4,30
NFSitka_peat,A,peat,YC13_16,False,0,210,0,210,-1,-1,-1,-1,-1,-1,-1,-1,-1,-1,-1,-1,-1,-1,-1,-1,-1,-1,-1,-1,-1,1,3,A,297.0,DISTID4,30
NFSitka_peat,A,peat,YC20_24,False,0,210,0,210,-1,-1,-1,-1,-1,-1,-1,-1,-1,-1,-1,-1,-1,-1,-1,-1,-1,-1,-1,-1,-1,1,3,A,872.0,DISTID4,30
NFSitka_peat,A,peat,YC24_30,False,0,210,0,210,-1,-1,-1,-1,-1,-1,-1,-1,-1,-1,-1,-1,-1,-1,-1,-1,-1,-1,-1,-1,-1,1,3,A,1180.0,DISTID4,30
NFPine_peat,A,peat,YC12_20,False,0,210,0,210,-1,-1,-1,-1,-1,-1,-1,-1,-1,-1,-1,-1,-1,-1,-1,-1,-1,-1,-1,-1,-1,1,3,A,344.0,DISTID4,30
NFCBmix_peat,A,peat,YC10,False,0,210,0,210,-1,-1,-1,-1,-1,-1,-1,-1,-1,-1,-1,-1,-1,-1,-1,-1,-1,-1,-1,-1,-1,1,3,A,118.0,DISTID4,30
NFPine_mineral,A,mineral,YC12_20,False,0,210,0,210,-1,-1,-1,-1,-1,-1,-1,-1,-1,-1,-1,-1,-1,-1,-1,-1,-1,-1,-1,-1,-1,1,3,A,102.0,DISTID4,30
NFFGB_peat,A,peat,YC6,False,0,210,0,210,-1,-1,-1,-1,-1,-1,-1,-1,-1,-1,-1,-1,-1,-1,-1,-1,-1,-1,-1,-1,-1,1,3,A,170.0,DISTID4,30
NFOC_mineral,A,mineral,YC10,False,0,210,0,210,-1,-1,-1,-1,-1,-1,-1,-1,-1,-1,-1,-1,-1,-1,-1,-1,-1,-1,-1,-1,-1,1,3,A,508.0,DISTID4,30
NFOC_peat,A,peat,YC10,False,0,210,0,210,-1,-1,-1,-1,-1,-1,-1,-1,-1,-1,-1,-1,-1,-1,-1,-1,-1,-1,-1,-1,-1,1,3,A,593.0,DISTID4,30
NFCBmix_mineral,A,mineral,YC10,False,0,210,0,210,-1,-1,-1,-1,-1,-1,-1,-1,-1,-1,-1,-1,-1,-1,-1,-1,-1,-1,-1,-1,-1,1,3,A,295.0,DISTID4,30
NFSitka_peat,A,peat,YC4_12,False,0,210,0,210,-1,-1,-1,-1,-1,-1,-1,-1,-1,-1,-1,-1,-1,-1,-1,-1,-1,-1,-1,-1,-1,1,3,A,315.0,DISTID4,30
NFFGB_mineral,A,mineral,YC6,False,0,210,0,210,-1,-1,-1,-1,-1,-1,-1,-1,-1,-1,-1,-1,-1,-1,-1,-1,-1,-1,-1,-1,-1,1,3,A,275.0,DISTID4,30
Sitka,L,?,YC20_24,False,28,200,28,200,-1,-1,-1,-1,-1,-1,-1,-1,-1,-1,-1,-1,-1,-1,-1,-1,-1,-1,-1,-1,-1,1,3,M,36931.0,DISTID1,31
Sitka,L,?,YC20_24,False,10,27,10,27,5,-1,-1,-1,-1,-1,-1,-1,-1,-1,-1,-1,-1,-1,-1,-1,-1,-1,-1,-1,-1,1,3,M,22689.0,DISTID2,31
Sitka,L,?,YC24_30,False,10,26,10,26,5,-1,-1,-1,-1,-1,-1,-1,-1,-1,-1,-1,-1,-1,-1,-1,-1,-1,-1,-1,-1,1,3,M,13994.0,DISTID2,31
Pine,L,?,YC12_20,False,15,29,15,29,4,-1,-1,-1,-1,-1,-1,-1,-1,-1,-1,-1,-1,-1,-1,-1,-1,-1,-1,-1,-1,1,3,M,3554.0,DISTID2,31
SGB,L,?,YC6,False,25,64,25,64,5,-1,-1,-1,-1,-1,-1,-1,-1,-1,-1,-1,-1,-1,-1,-1,-1,-1,-1,-1,-1,1,12,M,410.0,DISTID2,31
OC,L,?,YC10,False,15,39,15,39,5,-1,-1,-1,-1,-1,-1,-1,-1,-1,-1,-1,-1,-1,-1,-1,-1,-1,-1,-1,-1,1,3,M,17473.0,DISTID2,31
Sitka,L,?,YC24_30,False,27,200,27,200,-1,-1,-1,-1,-1,-1,-1,-1,-1,-1,-1,-1,-1,-1,-1,-1,-1,-1,-1,-1,-1,1,3,M,37941.0,DISTID1,31
?,L,?,?,False,0,210,0,210,-1,-1,-1,-1,-1,-1,-1,-1,-1,-1,-1,-1,-1,-1,-1,-1,-1,-1,-1,-1,-1,1,6,A,128.0,DISTID3,31
NFSitka_mineral,A,mineral,YC4_12,False,0,210,0,210,-1,-1,-1,-1,-1,-1,-1,-1,-1,-1,-1,-1,-1,-1,-1,-1,-1,-1,-1,-1,-1,1,3,A,10.0,DISTID4,31
NFSitka_mineral,A,mineral,YC20_24,False,0,210,0,210,-1,-1,-1,-1,-1,-1,-1,-1,-1,-1,-1,-1,-1,-1,-1,-1,-1,-1,-1,-1,-1,1,3,A,226.0,DISTID4,31
NFSitka_mineral,A,mineral,YC13_16,False,0,210,0,210,-1,-1,-1,-1,-1,-1,-1,-1,-1,-1,-1,-1,-1,-1,-1,-1,-1,-1,-1,-1,-1,1,3,A,11.0,DISTID4,31
FGB,L,?,YC6,False,15,37,15,37,5,-1,-1,-1,-1,-1,-1,-1,-1,-1,-1,-1,-1,-1,-1,-1,-1,-1,-1,-1,-1,1,12,M,9808.0,DISTID2,31
CBmix,L,?,YC10,False,15,39,15,39,7,-1,-1,-1,-1,-1,-1,-1,-1,-1,-1,-1,-1,-1,-1,-1,-1,-1,-1,-1,-1,1,3,M,11659.0,DISTID2,31
NFSitka_mineral,A,mineral,YC17_20,False,0,210,0,210,-1,-1,-1,-1,-1,-1,-1,-1,-1,-1,-1,-1,-1,-1,-1,-1,-1,-1,-1,-1,-1,1,3,A,56.0,DISTID4,31
Sitka,L,?,YC17_20,False,10,33,10,33,5,-1,-1,-1,-1,-1,-1,-1,-1,-1,-1,-1,-1,-1,-1,-1,-1,-1,-1,-1,-1,1,3,M,101984.0,DISTID2,31
NFSitka_mineral,A,mineral,YC24_30,False,0,210,0,210,-1,-1,-1,-1,-1,-1,-1,-1,-1,-1,-1,-1,-1,-1,-1,-1,-1,-1,-1,-1,-1,1,3,A,339.0,DISTID4,31
NFSitka_peat,A,peat,YC20_24,False,0,210,0,210,-1,-1,-1,-1,-1,-1,-1,-1,-1,-1,-1,-1,-1,-1,-1,-1,-1,-1,-1,-1,-1,1,3,A,294.0,DISTID4,31
NFSitka_peat,A,peat,YC24_30,False,0,210,0,210,-1,-1,-1,-1,-1,-1,-1,-1,-1,-1,-1,-1,-1,-1,-1,-1,-1,-1,-1,-1,-1,1,3,A,398.0,DISTID4,31
NFPine_mineral,A,mineral,YC12_20,False,0,210,0,210,-1,-1,-1,-1,-1,-1,-1,-1,-1,-1,-1,-1,-1,-1,-1,-1,-1,-1,-1,-1,-1,1,3,A,34.0,DISTID4,31
NFPine_peat,A,peat,YC4_12,False,0,210,0,210,-1,-1,-1,-1,-1,-1,-1,-1,-1,-1,-1,-1,-1,-1,-1,-1,-1,-1,-1,-1,-1,1,3,A,49.0,DISTID4,31
NFSGB_mineral,A,mineral,YC6,False,0,210,0,210,-1,-1,-1,-1,-1,-1,-1,-1,-1,-1,-1,-1,-1,-1,-1,-1,-1,-1,-1,-1,-1,1,3,A,34.0,DISTID4,31
NFSitka_peat,A,peat,YC4_12,False,0,210,0,210,-1,-1,-1,-1,-1,-1,-1,-1,-1,-1,-1,-1,-1,-1,-1,-1,-1,-1,-1,-1,-1,1,3,A,106.0,DISTID4,31
NFPine_peat,A,peat,YC12_20,False,0,210,0,210,-1,-1,-1,-1,-1,-1,-1,-1,-1,-1,-1,-1,-1,-1,-1,-1,-1,-1,-1,-1,-1,1,3,A,116.0,DISTID4,31
NFOC_mineral,A,mineral,YC10,False,0,210,0,210,-1,-1,-1,-1,-1,-1,-1,-1,-1,-1,-1,-1,-1,-1,-1,-1,-1,-1,-1,-1,-1,1,3,A,171.0,DISTID4,31
NFOC_peat,A,peat,YC10,False,0,210,0,210,-1,-1,-1,-1,-1,-1,-1,-1,-1,-1,-1,-1,-1,-1,-1,-1,-1,-1,-1,-1,-1,1,3,A,200.0,DISTID4,31
NFCBmix_mineral,A,mineral,YC10,False,0,210,0,210,-1,-1,-1,-1,-1,-1,-1,-1,-1,-1,-1,-1,-1,-1,-1,-1,-1,-1,-1,-1,-1,1,3,A,99.0,DISTID4,31
NFCBmix_peat,A,peat,YC10,False,0,210,0,210,-1,-1,-1,-1,-1,-1,-1,-1,-1,-1,-1,-1,-1,-1,-1,-1,-1,-1,-1,-1,-1,1,3,A,40.0,DISTID4,31
NFSitka_peat,A,peat,YC13_16,False,0,210,0,210,-1,-1,-1,-1,-1,-1,-1,-1,-1,-1,-1,-1,-1,-1,-1,-1,-1,-1,-1,-1,-1,1,3,A,100.0,DISTID4,31
NFFGB_mineral,A,mineral,YC6,False,0,210,0,210,-1,-1,-1,-1,-1,-1,-1,-1,-1,-1,-1,-1,-1,-1,-1,-1,-1,-1,-1,-1,-1,1,3,A,92.0,DISTID4,31
NFFGB_peat,A,peat,YC6,False,0,210,0,210,-1,-1,-1,-1,-1,-1,-1,-1,-1,-1,-1,-1,-1,-1,-1,-1,-1,-1,-1,-1,-1,1,3,A,57.0,DISTID4,31
Sitka,L,?,YC24_30,False,27,200,27,200,-1,-1,-1,-1,-1,-1,-1,-1,-1,-1,-1,-1,-1,-1,-1,-1,-1,-1,-1,-1,-1,1,3,M,37941.0,DISTID1,32
Sitka,L,?,YC17_20,False,10,33,10,33,5,-1,-1,-1,-1,-1,-1,-1,-1,-1,-1,-1,-1,-1,-1,-1,-1,-1,-1,-1,-1,1,3,M,39491.0,DISTID2,32
Sitka,L,?,YC20_24,False,10,27,10,27,5,-1,-1,-1,-1,-1,-1,-1,-1,-1,-1,-1,-1,-1,-1,-1,-1,-1,-1,-1,-1,1,3,M,21049.0,DISTID2,32
Sitka,L,?,YC24_30,False,10,26,10,26,5,-1,-1,-1,-1,-1,-1,-1,-1,-1,-1,-1,-1,-1,-1,-1,-1,-1,-1,-1,-1,1,3,M,86456.0,DISTID2,32
Pine,L,?,YC12_20,False,15,29,15,29,4,-1,-1,-1,-1,-1,-1,-1,-1,-1,-1,-1,-1,-1,-1,-1,-1,-1,-1,-1,-1,1,3,M,3900.0,DISTID2,32
Sitka,L,?,YC17_20,False,34,200,34,200,-1,-1,-1,-1,-1,-1,-1,-1,-1,-1,-1,-1,-1,-1,-1,-1,-1,-1,-1,-1,-1,1,3,M,129264.0,DISTID1,32
?,L,?,?,False,0,210,0,210,-1,-1,-1,-1,-1,-1,-1,-1,-1,-1,-1,-1,-1,-1,-1,-1,-1,-1,-1,-1,-1,1,6,A,38.0,DISTID3,32
OC,L,?,YC10,False,15,39,15,39,5,-1,-1,-1,-1,-1,-1,-1,-1,-1,-1,-1,-1,-1,-1,-1,-1,-1,-1,-1,-1,1,3,M,3760.0,DISTID2,32
CBmix,L,?,YC10,False,15,39,15,39,7,-1,-1,-1,-1,-1,-1,-1,-1,-1,-1,-1,-1,-1,-1,-1,-1,-1,-1,-1,-1,1,3,M,328.0,DISTID2,32
NFSitka_mineral,A,mineral,YC4_12,False,0,210,0,210,-1,-1,-1,-1,-1,-1,-1,-1,-1,-1,-1,-1,-1,-1,-1,-1,-1,-1,-1,-1,-1,1,3,A,8.0,DISTID4,32
NFSitka_mineral,A,mineral,YC13_16,False,0,210,0,210,-1,-1,-1,-1,-1,-1,-1,-1,-1,-1,-1,-1,-1,-1,-1,-1,-1,-1,-1,-1,-1,1,3,A,9.0,DISTID4,32
SGB,L,?,YC6,False,25,64,25,64,5,-1,-1,-1,-1,-1,-1,-1,-1,-1,-1,-1,-1,-1,-1,-1,-1,-1,-1,-1,-1,1,12,M,111.0,DISTID2,32
Sitka,L,?,YC20_24,False,28,200,28,200,-1,-1,-1,-1,-1,-1,-1,-1,-1,-1,-1,-1,-1,-1,-1,-1,-1,-1,-1,-1,-1,1,3,M,7375.0,DISTID1,32
FGB,L,?,YC6,False,15,37,15,37,5,-1,-1,-1,-1,-1,-1,-1,-1,-1,-1,-1,-1,-1,-1,-1,-1,-1,-1,-1,-1,1,12,M,457.0,DISTID2,32
NFSitka_mineral,A,mineral,YC17_20,False,0,210,0,210,-1,-1,-1,-1,-1,-1,-1,-1,-1,-1,-1,-1,-1,-1,-1,-1,-1,-1,-1,-1,-1,1,3,A,41.0,DISTID4,32
NFSitka_mineral,A,mineral,YC20_24,False,0,210,0,210,-1,-1,-1,-1,-1,-1,-1,-1,-1,-1,-1,-1,-1,-1,-1,-1,-1,-1,-1,-1,-1,1,3,A,169.0,DISTID4,32
NFSitka_mineral,A,mineral,YC24_30,False,0,210,0,210,-1,-1,-1,-1,-1,-1,-1,-1,-1,-1,-1,-1,-1,-1,-1,-1,-1,-1,-1,-1,-1,1,3,A,252.0,DISTID4,32
NFSitka_peat,A,peat,YC20_24,False,0,210,0,210,-1,-1,-1,-1,-1,-1,-1,-1,-1,-1,-1,-1,-1,-1,-1,-1,-1,-1,-1,-1,-1,1,3,A,219.0,DISTID4,32
NFSitka_peat,A,peat,YC24_30,False,0,210,0,210,-1,-1,-1,-1,-1,-1,-1,-1,-1,-1,-1,-1,-1,-1,-1,-1,-1,-1,-1,-1,-1,1,3,A,296.0,DISTID4,32
NFPine_mineral,A,mineral,YC12_20,False,0,210,0,210,-1,-1,-1,-1,-1,-1,-1,-1,-1,-1,-1,-1,-1,-1,-1,-1,-1,-1,-1,-1,-1,1,3,A,25.0,DISTID4,32
NFPine_peat,A,peat,YC4_12,False,0,210,0,210,-1,-1,-1,-1,-1,-1,-1,-1,-1,-1,-1,-1,-1,-1,-1,-1,-1,-1,-1,-1,-1,1,3,A,36.0,DISTID4,32
NFPine_peat,A,peat,YC12_20,False,0,210,0,210,-1,-1,-1,-1,-1,-1,-1,-1,-1,-1,-1,-1,-1,-1,-1,-1,-1,-1,-1,-1,-1,1,3,A,87.0,DISTID4,32
NFOC_mineral,A,mineral,YC10,False,0,210,0,210,-1,-1,-1,-1,-1,-1,-1,-1,-1,-1,-1,-1,-1,-1,-1,-1,-1,-1,-1,-1,-1,1,3,A,129.0,DISTID4,32
NFSitka_peat,A,peat,YC13_16,False,0,210,0,210,-1,-1,-1,-1,-1,-1,-1,-1,-1,-1,-1,-1,-1,-1,-1,-1,-1,-1,-1,-1,-1,1,3,A,75.0,DISTID4,32
NFFGB_peat,A,peat,YC6,False,0,210,0,210,-1,-1,-1,-1,-1,-1,-1,-1,-1,-1,-1,-1,-1,-1,-1,-1,-1,-1,-1,-1,-1,1,3,A,43.0,DISTID4,32
NFOC_peat,A,peat,YC10,False,0,210,0,210,-1,-1,-1,-1,-1,-1,-1,-1,-1,-1,-1,-1,-1,-1,-1,-1,-1,-1,-1,-1,-1,1,3,A,150.0,DISTID4,32
NFCBmix_mineral,A,mineral,YC10,False,0,210,0,210,-1,-1,-1,-1,-1,-1,-1,-1,-1,-1,-1,-1,-1,-1,-1,-1,-1,-1,-1,-1,-1,1,3,A,75.0,DISTID4,32
NFCBmix_peat,A,peat,YC10,False,0,210,0,210,-1,-1,-1,-1,-1,-1,-1,-1,-1,-1,-1,-1,-1,-1,-1,-1,-1,-1,-1,-1,-1,1,3,A,30.0,DISTID4,32
NFSitka_peat,A,peat,YC4_12,False,0,210,0,210,-1,-1,-1,-1,-1,-1,-1,-1,-1,-1,-1,-1,-1,-1,-1,-1,-1,-1,-1,-1,-1,1,3,A,79.0,DISTID4,32
NFSGB_mineral,A,mineral,YC6,False,0,210,0,210,-1,-1,-1,-1,-1,-1,-1,-1,-1,-1,-1,-1,-1,-1,-1,-1,-1,-1,-1,-1,-1,1,3,A,25.0,DISTID4,32
NFFGB_mineral,A,mineral,YC6,False,0,210,0,210,-1,-1,-1,-1,-1,-1,-1,-1,-1,-1,-1,-1,-1,-1,-1,-1,-1,-1,-1,-1,-1,1,3,A,70.0,DISTID4,32
NFSitka_mineral,A,mineral,YC20_24,False,0,210,0,210,-1,-1,-1,-1,-1,-1,-1,-1,-1,-1,-1,-1,-1,-1,-1,-1,-1,-1,-1,-1,-1,1,3,A,671.0,DISTID4,33
Sitka,L,?,YC24_30,False,27,200,27,200,-1,-1,-1,-1,-1,-1,-1,-1,-1,-1,-1,-1,-1,-1,-1,-1,-1,-1,-1,-1,-1,1,3,M,100327.3,DISTID1,33
OC,L,?,YC10,False,40,200,40,200,-1,-1,-1,-1,-1,-1,-1,-1,-1,-1,-1,-1,-1,-1,-1,-1,-1,-1,-1,-1,-1,1,3,M,49911.7,DISTID1,33
Sitka,L,?,YC17_20,False,10,33,10,33,5,-1,-1,-1,-1,-1,-1,-1,-1,-1,-1,-1,-1,-1,-1,-1,-1,-1,-1,-1,-1,1,3,M,53508.0,DISTID2,33
Sitka,L,?,YC24_30,False,10,26,10,26,5,-1,-1,-1,-1,-1,-1,-1,-1,-1,-1,-1,-1,-1,-1,-1,-1,-1,-1,-1,-1,1,3,M,25819.0,DISTID2,33
Pine,L,?,YC12_20,False,15,29,15,29,4,-1,-1,-1,-1,-1,-1,-1,-1,-1,-1,-1,-1,-1,-1,-1,-1,-1,-1,-1,-1,1,3,M,180.0,DISTID2,33
?,L,?,?,False,0,210,0,210,-1,-1,-1,-1,-1,-1,-1,-1,-1,-1,-1,-1,-1,-1,-1,-1,-1,-1,-1,-1,-1,1,6,A,36.0,DISTID3,33
FGB,L,?,YC6,False,15,37,15,37,5,-1,-1,-1,-1,-1,-1,-1,-1,-1,-1,-1,-1,-1,-1,-1,-1,-1,-1,-1,-1,1,12,M,230.0,DISTID2,33
OC,L,?,YC10,False,15,39,15,39,5,-1,-1,-1,-1,-1,-1,-1,-1,-1,-1,-1,-1,-1,-1,-1,-1,-1,-1,-1,-1,1,3,M,12579.7,DISTID2,33
NFSitka_mineral,A,mineral,YC4_12,False,0,210,0,210,-1,-1,-1,-1,-1,-1,-1,-1,-1,-1,-1,-1,-1,-1,-1,-1,-1,-1,-1,-1,-1,1,3,A,29.0,DISTID4,33
NFSitka_mineral,A,mineral,YC13_16,False,0,210,0,210,-1,-1,-1,-1,-1,-1,-1,-1,-1,-1,-1,-1,-1,-1,-1,-1,-1,-1,-1,-1,-1,1,3,A,34.0,DISTID4,33
SGB,L,?,YC6,False,25,64,25,64,5,-1,-1,-1,-1,-1,-1,-1,-1,-1,-1,-1,-1,-1,-1,-1,-1,-1,-1,-1,-1,1,12,M,56.0,DISTID2,33
NFSitka_mineral,A,mineral,YC17_20,False,0,210,0,210,-1,-1,-1,-1,-1,-1,-1,-1,-1,-1,-1,-1,-1,-1,-1,-1,-1,-1,-1,-1,-1,1,3,A,166.0,DISTID4,33
Sitka,L,?,YC20_24,False,10,27,10,27,5,-1,-1,-1,-1,-1,-1,-1,-1,-1,-1,-1,-1,-1,-1,-1,-1,-1,-1,-1,-1,1,3,M,2769.4,DISTID2,33
Sitka,L,?,YC20_24,False,28,200,28,200,-1,-1,-1,-1,-1,-1,-1,-1,-1,-1,-1,-1,-1,-1,-1,-1,-1,-1,-1,-1,-1,1,3,M,22759.3,DISTID1,33
NFSitka_peat,A,peat,YC13_16,False,0,210,0,210,-1,-1,-1,-1,-1,-1,-1,-1,-1,-1,-1,-1,-1,-1,-1,-1,-1,-1,-1,-1,-1,1,3,A,297.0,DISTID4,33
NFSGB_mineral,A,mineral,YC6,False,0,210,0,210,-1,-1,-1,-1,-1,-1,-1,-1,-1,-1,-1,-1,-1,-1,-1,-1,-1,-1,-1,-1,-1,1,3,A,101.0,DISTID4,33
NFSitka_mineral,A,mineral,YC24_30,False,0,210,0,210,-1,-1,-1,-1,-1,-1,-1,-1,-1,-1,-1,-1,-1,-1,-1,-1,-1,-1,-1,-1,-1,1,3,A,1002.0,DISTID4,33
NFSitka_peat,A,peat,YC20_24,False,0,210,0,210,-1,-1,-1,-1,-1,-1,-1,-1,-1,-1,-1,-1,-1,-1,-1,-1,-1,-1,-1,-1,-1,1,3,A,872.0,DISTID4,33
NFSitka_peat,A,peat,YC24_30,False,0,210,0,210,-1,-1,-1,-1,-1,-1,-1,-1,-1,-1,-1,-1,-1,-1,-1,-1,-1,-1,-1,-1,-1,1,3,A,1180.0,DISTID4,33
NFPine_mineral,A,mineral,YC12_20,False,0,210,0,210,-1,-1,-1,-1,-1,-1,-1,-1,-1,-1,-1,-1,-1,-1,-1,-1,-1,-1,-1,-1,-1,1,3,A,102.0,DISTID4,33
NFPine_peat,A,peat,YC12_20,False,0,210,0,210,-1,-1,-1,-1,-1,-1,-1,-1,-1,-1,-1,-1,-1,-1,-1,-1,-1,-1,-1,-1,-1,1,3,A,344.0,DISTID4,33
NFOC_mineral,A,mineral,YC10,False,0,210,0,210,-1,-1,-1,-1,-1,-1,-1,-1,-1,-1,-1,-1,-1,-1,-1,-1,-1,-1,-1,-1,-1,1,3,A,508.0,DISTID4,33
NFPine_peat,A,peat,YC4_12,False,0,210,0,210,-1,-1,-1,-1,-1,-1,-1,-1,-1,-1,-1,-1,-1,-1,-1,-1,-1,-1,-1,-1,-1,1,3,A,144.0,DISTID4,33
NFFGB_peat,A,peat,YC6,False,0,210,0,210,-1,-1,-1,-1,-1,-1,-1,-1,-1,-1,-1,-1,-1,-1,-1,-1,-1,-1,-1,-1,-1,1,3,A,170.0,DISTID4,33
NFOC_peat,A,peat,YC10,False,0,210,0,210,-1,-1,-1,-1,-1,-1,-1,-1,-1,-1,-1,-1,-1,-1,-1,-1,-1,-1,-1,-1,-1,1,3,A,593.0,DISTID4,33
NFCBmix_mineral,A,mineral,YC10,False,0,210,0,210,-1,-1,-1,-1,-1,-1,-1,-1,-1,-1,-1,-1,-1,-1,-1,-1,-1,-1,-1,-1,-1,1,3,A,295.0,DISTID4,33
NFCBmix_peat,A,peat,YC10,False,0,210,0,210,-1,-1,-1,-1,-1,-1,-1,-1,-1,-1,-1,-1,-1,-1,-1,-1,-1,-1,-1,-1,-1,1,3,A,118.0,DISTID4,33
NFSitka_peat,A,peat,YC4_12,False,0,210,0,210,-1,-1,-1,-1,-1,-1,-1,-1,-1,-1,-1,-1,-1,-1,-1,-1,-1,-1,-1,-1,-1,1,3,A,315.0,DISTID4,33
NFFGB_mineral,A,mineral,YC6,False,0,210,0,210,-1,-1,-1,-1,-1,-1,-1,-1,-1,-1,-1,-1,-1,-1,-1,-1,-1,-1,-1,-1,-1,1,3,A,275.0,DISTID4,33
Sitka,L,?,YC20_24,False,10,27,10,27,5,-1,-1,-1,-1,-1,-1,-1,-1,-1,-1,-1,-1,-1,-1,-1,-1,-1,-1,-1,-1,1,3,M,24890.0,DISTID2,34
Sitka,L,?,YC24_30,False,10,26,10,26,5,-1,-1,-1,-1,-1,-1,-1,-1,-1,-1,-1,-1,-1,-1,-1,-1,-1,-1,-1,-1,1,3,M,97248.0,DISTID2,34
Sitka,L,?,YC20_24,False,28,200,28,200,-1,-1,-1,-1,-1,-1,-1,-1,-1,-1,-1,-1,-1,-1,-1,-1,-1,-1,-1,-1,-1,1,3,M,16847.0,DISTID1,34
Pine,L,?,YC12_20,False,30,200,30,200,-1,-1,-1,-1,-1,-1,-1,-1,-1,-1,-1,-1,-1,-1,-1,-1,-1,-1,-1,-1,-1,1,3,M,3591.0,DISTID1,34
Sitka,L,?,YC17_20,False,10,33,10,33,5,-1,-1,-1,-1,-1,-1,-1,-1,-1,-1,-1,-1,-1,-1,-1,-1,-1,-1,-1,-1,1,3,M,87664.0,DISTID2,34
Sitka,L,?,YC24_30,False,27,200,27,200,-1,-1,-1,-1,-1,-1,-1,-1,-1,-1,-1,-1,-1,-1,-1,-1,-1,-1,-1,-1,-1,1,3,M,77570.0,DISTID1,34
?,L,?,?,False,0,210,0,210,-1,-1,-1,-1,-1,-1,-1,-1,-1,-1,-1,-1,-1,-1,-1,-1,-1,-1,-1,-1,-1,1,6,A,81.0,DISTID3,34
FGB,L,?,YC6,False,15,37,15,37,5,-1,-1,-1,-1,-1,-1,-1,-1,-1,-1,-1,-1,-1,-1,-1,-1,-1,-1,-1,-1,1,12,M,385.0,DISTID2,34
OC,L,?,YC10,False,15,39,15,39,5,-1,-1,-1,-1,-1,-1,-1,-1,-1,-1,-1,-1,-1,-1,-1,-1,-1,-1,-1,-1,1,3,M,5170.0,DISTID2,34
CBmix,L,?,YC10,False,15,39,15,39,7,-1,-1,-1,-1,-1,-1,-1,-1,-1,-1,-1,-1,-1,-1,-1,-1,-1,-1,-1,-1,1,3,M,276.0,DISTID2,34
SGB,L,?,YC6,False,25,64,25,64,5,-1,-1,-1,-1,-1,-1,-1,-1,-1,-1,-1,-1,-1,-1,-1,-1,-1,-1,-1,-1,1,12,M,93.0,DISTID2,34
Pine,L,?,YC12_20,False,15,29,15,29,4,-1,-1,-1,-1,-1,-1,-1,-1,-1,-1,-1,-1,-1,-1,-1,-1,-1,-1,-1,-1,1,3,M,4349.0,DISTID2,34
Sitka,L,?,YC17_20,False,10,33,10,33,5,-1,-1,-1,-1,-1,-1,-1,-1,-1,-1,-1,-1,-1,-1,-1,-1,-1,-1,-1,-1,1,3,M,92303.0,DISTID2,35
Sitka,L,?,YC17_20,False,34,200,34,200,-1,-1,-1,-1,-1,-1,-1,-1,-1,-1,-1,-1,-1,-1,-1,-1,-1,-1,-1,-1,-1,1,3,M,85336.0,DISTID1,35
Sitka,L,?,YC20_24,False,28,200,28,200,-1,-1,-1,-1,-1,-1,-1,-1,-1,-1,-1,-1,-1,-1,-1,-1,-1,-1,-1,-1,-1,1,3,M,17608.0,DISTID1,35
Sitka,L,?,YC24_30,False,10,26,10,26,5,-1,-1,-1,-1,-1,-1,-1,-1,-1,-1,-1,-1,-1,-1,-1,-1,-1,-1,-1,-1,1,3,M,97299.0,DISTID2,35
Pine,L,?,YC12_20,False,30,200,30,200,-1,-1,-1,-1,-1,-1,-1,-1,-1,-1,-1,-1,-1,-1,-1,-1,-1,-1,-1,-1,-1,1,3,M,4693.0,DISTID1,35
Sitka,L,?,YC20_24,False,10,27,10,27,5,-1,-1,-1,-1,-1,-1,-1,-1,-1,-1,-1,-1,-1,-1,-1,-1,-1,-1,-1,-1,1,3,M,23725.0,DISTID2,35
OC,L,?,YC10,False,15,39,15,39,5,-1,-1,-1,-1,-1,-1,-1,-1,-1,-1,-1,-1,-1,-1,-1,-1,-1,-1,-1,-1,1,3,M,5639.0,DISTID2,35
Pine,L,?,YC12_20,False,15,29,15,29,4,-1,-1,-1,-1,-1,-1,-1,-1,-1,-1,-1,-1,-1,-1,-1,-1,-1,-1,-1,-1,1,3,M,3218.0,DISTID2,35
FGB,L,?,YC6,False,15,37,15,37,5,-1,-1,-1,-1,-1,-1,-1,-1,-1,-1,-1,-1,-1,-1,-1,-1,-1,-1,-1,-1,1,12,M,858.0,DISTID2,35
?,L,?,?,False,0,210,0,210,-1,-1,-1,-1,-1,-1,-1,-1,-1,-1,-1,-1,-1,-1,-1,-1,-1,-1,-1,-1,-1,1,6,A,81.0,DISTID3,35
CBmix,L,?,YC10,False,15,39,15,39,7,-1,-1,-1,-1,-1,-1,-1,-1,-1,-1,-1,-1,-1,-1,-1,-1,-1,-1,-1,-1,1,3,M,616.0,DISTID2,35
SGB,L,?,YC6,False,25,64,25,64,5,-1,-1,-1,-1,-1,-1,-1,-1,-1,-1,-1,-1,-1,-1,-1,-1,-1,-1,-1,-1,1,12,M,208.0,DISTID2,35
Sitka,L,?,YC24_30,False,27,200,27,200,-1,-1,-1,-1,-1,-1,-1,-1,-1,-1,-1,-1,-1,-1,-1,-1,-1,-1,-1,-1,-1,1,3,M,81072.0,DISTID1,35
Sitka,L,?,YC17_20,False,34,200,34,200,-1,-1,-1,-1,-1,-1,-1,-1,-1,-1,-1,-1,-1,-1,-1,-1,-1,-1,-1,-1,-1,1,3,M,111812.0,DISTID1,36
Sitka,L,?,YC20_24,False,28,200,28,200,-1,-1,-1,-1,-1,-1,-1,-1,-1,-1,-1,-1,-1,-1,-1,-1,-1,-1,-1,-1,-1,1,3,M,23071.0,DISTID1,36
Sitka,L,?,YC24_30,False,27,200,27,200,-1,-1,-1,-1,-1,-1,-1,-1,-1,-1,-1,-1,-1,-1,-1,-1,-1,-1,-1,-1,-1,1,3,M,106226.0,DISTID1,36
Pine,L,?,YC12_20,False,30,200,30,200,-1,-1,-1,-1,-1,-1,-1,-1,-1,-1,-1,-1,-1,-1,-1,-1,-1,-1,-1,-1,-1,1,3,M,4396.0,DISTID1,36
Sitka,L,?,YC17_20,False,10,33,10,33,5,-1,-1,-1,-1,-1,-1,-1,-1,-1,-1,-1,-1,-1,-1,-1,-1,-1,-1,-1,-1,1,3,M,36721.0,DISTID2,36
?,L,?,?,False,0,210,0,210,-1,-1,-1,-1,-1,-1,-1,-1,-1,-1,-1,-1,-1,-1,-1,-1,-1,-1,-1,-1,-1,1,6,A,81.0,DISTID3,36
Sitka,L,?,YC20_24,False,10,27,10,27,5,-1,-1,-1,-1,-1,-1,-1,-1,-1,-1,-1,-1,-1,-1,-1,-1,-1,-1,-1,-1,1,3,M,45984.0,DISTID2,36
Pine,L,?,YC12_20,False,15,29,15,29,4,-1,-1,-1,-1,-1,-1,-1,-1,-1,-1,-1,-1,-1,-1,-1,-1,-1,-1,-1,-1,1,3,M,3878.0,DISTID2,36
SGB,L,?,YC6,False,25,64,25,64,5,-1,-1,-1,-1,-1,-1,-1,-1,-1,-1,-1,-1,-1,-1,-1,-1,-1,-1,-1,-1,1,12,M,168.0,DISTID2,36
FGB,L,?,YC6,False,15,37,15,37,5,-1,-1,-1,-1,-1,-1,-1,-1,-1,-1,-1,-1,-1,-1,-1,-1,-1,-1,-1,-1,1,12,M,693.0,DISTID2,36
OC,L,?,YC10,False,15,39,15,39,5,-1,-1,-1,-1,-1,-1,-1,-1,-1,-1,-1,-1,-1,-1,-1,-1,-1,-1,-1,-1,1,3,M,7047.0,DISTID2,36
CBmix,L,?,YC10,False,15,39,15,39,7,-1,-1,-1,-1,-1,-1,-1,-1,-1,-1,-1,-1,-1,-1,-1,-1,-1,-1,-1,-1,1,3,M,497.0,DISTID2,36
Sitka,L,?,YC24_30,False,10,26,10,26,5,-1,-1,-1,-1,-1,-1,-1,-1,-1,-1,-1,-1,-1,-1,-1,-1,-1,-1,-1,-1,1,3,M,113734.0,DISTID2,36
Sitka,L,?,YC20_24,False,10,27,10,27,5,-1,-1,-1,-1,-1,-1,-1,-1,-1,-1,-1,-1,-1,-1,-1,-1,-1,-1,-1,-1,1,3,M,33166.0,DISTID2,37
Sitka,L,?,YC17_20,False,34,200,34,200,-1,-1,-1,-1,-1,-1,-1,-1,-1,-1,-1,-1,-1,-1,-1,-1,-1,-1,-1,-1,-1,1,3,M,154552.0,DISTID1,37
Sitka,L,?,YC20_24,False,28,200,28,200,-1,-1,-1,-1,-1,-1,-1,-1,-1,-1,-1,-1,-1,-1,-1,-1,-1,-1,-1,-1,-1,1,3,M,31889.0,DISTID1,37
Sitka,L,?,YC24_30,False,27,200,27,200,-1,-1,-1,-1,-1,-1,-1,-1,-1,-1,-1,-1,-1,-1,-1,-1,-1,-1,-1,-1,-1,1,3,M,146831.0,DISTID1,37
Pine,L,?,YC12_20,False,30,200,30,200,-1,-1,-1,-1,-1,-1,-1,-1,-1,-1,-1,-1,-1,-1,-1,-1,-1,-1,-1,-1,-1,1,3,M,5686.0,DISTID1,37
Sitka,L,?,YC17_20,False,10,33,10,33,5,-1,-1,-1,-1,-1,-1,-1,-1,-1,-1,-1,-1,-1,-1,-1,-1,-1,-1,-1,-1,1,3,M,65297.0,DISTID2,37
Sitka,L,?,YC24_30,False,10,26,10,26,5,-1,-1,-1,-1,-1,-1,-1,-1,-1,-1,-1,-1,-1,-1,-1,-1,-1,-1,-1,-1,1,3,M,102463.0,DISTID2,37
SGB,L,?,YC6,False,25,64,25,64,5,-1,-1,-1,-1,-1,-1,-1,-1,-1,-1,-1,-1,-1,-1,-1,-1,-1,-1,-1,-1,1,12,M,479.0,DISTID2,37
FGB,L,?,YC6,False,15,37,15,37,5,-1,-1,-1,-1,-1,-1,-1,-1,-1,-1,-1,-1,-1,-1,-1,-1,-1,-1,-1,-1,1,12,M,1983.0,DISTID2,37
OC,L,?,YC10,False,15,39,15,39,5,-1,-1,-1,-1,-1,-1,-1,-1,-1,-1,-1,-1,-1,-1,-1,-1,-1,-1,-1,-1,1,3,M,9578.0,DISTID2,37
CBmix,L,?,YC10,False,15,39,15,39,7,-1,-1,-1,-1,-1,-1,-1,-1,-1,-1,-1,-1,-1,-1,-1,-1,-1,-1,-1,-1,1,3,M,1422.0,DISTID2,37
?,L,?,?,False,0,210,0,210,-1,-1,-1,-1,-1,-1,-1,-1,-1,-1,-1,-1,-1,-1,-1,-1,-1,-1,-1,-1,-1,1,6,A,81.0,DISTID3,37
Pine,L,?,YC12_20,False,15,29,15,29,4,-1,-1,-1,-1,-1,-1,-1,-1,-1,-1,-1,-1,-1,-1,-1,-1,-1,-1,-1,-1,1,3,M,4213.0,DISTID2,37
Sitka,L,?,YC17_20,False,10,33,10,33,5,-1,-1,-1,-1,-1,-1,-1,-1,-1,-1,-1,-1,-1,-1,-1,-1,-1,-1,-1,-1,1,3,M,84334.0,DISTID2,38
Sitka,L,?,YC17_20,False,34,200,34,200,-1,-1,-1,-1,-1,-1,-1,-1,-1,-1,-1,-1,-1,-1,-1,-1,-1,-1,-1,-1,-1,1,3,M,83608.0,DISTID1,38
Sitka,L,?,YC20_24,False,28,200,28,200,-1,-1,-1,-1,-1,-1,-1,-1,-1,-1,-1,-1,-1,-1,-1,-1,-1,-1,-1,-1,-1,1,3,M,32376.0,DISTID1,38
Sitka,L,?,YC24_30,False,27,200,27,200,-1,-1,-1,-1,-1,-1,-1,-1,-1,-1,-1,-1,-1,-1,-1,-1,-1,-1,-1,-1,-1,1,3,M,149074.0,DISTID1,38
Pine,L,?,YC12_20,False,30,200,30,200,-1,-1,-1,-1,-1,-1,-1,-1,-1,-1,-1,-1,-1,-1,-1,-1,-1,-1,-1,-1,-1,1,3,M,10267.0,DISTID1,38
SGB,L,?,YC6,False,25,64,25,64,5,-1,-1,-1,-1,-1,-1,-1,-1,-1,-1,-1,-1,-1,-1,-1,-1,-1,-1,-1,-1,1,12,M,560.0,DISTID2,38
Sitka,L,?,YC20_24,False,10,27,10,27,5,-1,-1,-1,-1,-1,-1,-1,-1,-1,-1,-1,-1,-1,-1,-1,-1,-1,-1,-1,-1,1,3,M,178792.0,DISTID2,38
FGB,L,?,YC6,False,15,37,15,37,5,-1,-1,-1,-1,-1,-1,-1,-1,-1,-1,-1,-1,-1,-1,-1,-1,-1,-1,-1,-1,1,12,M,2319.0,DISTID2,38
Sitka,L,?,YC24_30,False,10,26,10,26,5,-1,-1,-1,-1,-1,-1,-1,-1,-1,-1,-1,-1,-1,-1,-1,-1,-1,-1,-1,-1,1,3,M,97410.0,DISTID2,38
OC,L,?,YC10,False,15,39,15,39,5,-1,-1,-1,-1,-1,-1,-1,-1,-1,-1,-1,-1,-1,-1,-1,-1,-1,-1,-1,-1,1,3,M,6668.0,DISTID2,38
CBmix,L,?,YC10,False,15,39,15,39,7,-1,-1,-1,-1,-1,-1,-1,-1,-1,-1,-1,-1,-1,-1,-1,-1,-1,-1,-1,-1,1,3,M,1663.0,DISTID2,38
?,L,?,?,False,0,210,0,210,-1,-1,-1,-1,-1,-1,-1,-1,-1,-1,-1,-1,-1,-1,-1,-1,-1,-1,-1,-1,-1,1,6,A,81.0,DISTID3,38
Pine,L,?,YC12_20,False,15,29,15,29,4,-1,-1,-1,-1,-1,-1,-1,-1,-1,-1,-1,-1,-1,-1,-1,-1,-1,-1,-1,-1,1,3,M,3697.0,DISTID2,38
Sitka,L,?,YC17_20,False,34,200,34,200,-1,-1,-1,-1,-1,-1,-1,-1,-1,-1,-1,-1,-1,-1,-1,-1,-1,-1,-1,-1,-1,1,3,M,112177.0,DISTID1,39
Sitka,L,?,YC20_24,False,28,200,28,200,-1,-1,-1,-1,-1,-1,-1,-1,-1,-1,-1,-1,-1,-1,-1,-1,-1,-1,-1,-1,-1,1,3,M,31183.0,DISTID1,39
Sitka,L,?,YC24_30,False,27,200,27,200,-1,-1,-1,-1,-1,-1,-1,-1,-1,-1,-1,-1,-1,-1,-1,-1,-1,-1,-1,-1,-1,1,3,M,143579.0,DISTID1,39
Pine,L,?,YC12_20,False,30,200,30,200,-1,-1,-1,-1,-1,-1,-1,-1,-1,-1,-1,-1,-1,-1,-1,-1,-1,-1,-1,-1,-1,1,3,M,8515.0,DISTID1,39
FGB,L,?,YC6,False,38,200,38,200,-1,-1,-1,-1,-1,-1,-1,-1,-1,-1,-1,-1,-1,-1,-1,-1,-1,-1,-1,-1,-1,1,12,M,8522.0,DISTID1,39
OC,L,?,YC10,False,40,200,40,200,-1,-1,-1,-1,-1,-1,-1,-1,-1,-1,-1,-1,-1,-1,-1,-1,-1,-1,-1,-1,-1,1,3,M,38952.0,DISTID1,39
?,L,?,?,False,0,210,0,210,-1,-1,-1,-1,-1,-1,-1,-1,-1,-1,-1,-1,-1,-1,-1,-1,-1,-1,-1,-1,-1,1,6,A,81.0,DISTID3,39
Sitka,L,?,YC17_20,False,10,33,10,33,5,-1,-1,-1,-1,-1,-1,-1,-1,-1,-1,-1,-1,-1,-1,-1,-1,-1,-1,-1,-1,1,3,M,26638.0,DISTID2,39
Sitka,L,?,YC24_30,False,10,26,10,26,5,-1,-1,-1,-1,-1,-1,-1,-1,-1,-1,-1,-1,-1,-1,-1,-1,-1,-1,-1,-1,1,3,M,31512.0,DISTID2,39
Pine,L,?,YC12_20,False,15,29,15,29,4,-1,-1,-1,-1,-1,-1,-1,-1,-1,-1,-1,-1,-1,-1,-1,-1,-1,-1,-1,-1,1,3,M,12689.0,DISTID2,39
SGB,L,?,YC6,False,25,64,25,64,5,-1,-1,-1,-1,-1,-1,-1,-1,-1,-1,-1,-1,-1,-1,-1,-1,-1,-1,-1,-1,1,12,M,899.0,DISTID2,39
FGB,L,?,YC6,False,15,37,15,37,5,-1,-1,-1,-1,-1,-1,-1,-1,-1,-1,-1,-1,-1,-1,-1,-1,-1,-1,-1,-1,1,12,M,3721.0,DISTID2,39
OC,L,?,YC10,False,15,39,15,39,5,-1,-1,-1,-1,-1,-1,-1,-1,-1,-1,-1,-1,-1,-1,-1,-1,-1,-1,-1,-1,1,3,M,42150.0,DISTID2,39
CBmix,L,?,YC10,False,15,39,15,39,7,-1,-1,-1,-1,-1,-1,-1,-1,-1,-1,-1,-1,-1,-1,-1,-1,-1,-1,-1,-1,1,3,M,2668.0,DISTID2,39
Sitka,L,?,YC20_24,False,10,27,10,27,5,-1,-1,-1,-1,-1,-1,-1,-1,-1,-1,-1,-1,-1,-1,-1,-1,-1,-1,-1,-1,1,3,M,66868.0,DISTID2,39
Sitka,L,?,YC17_20,False,10,33,10,33,5,-1,-1,-1,-1,-1,-1,-1,-1,-1,-1,-1,-1,-1,-1,-1,-1,-1,-1,-1,-1,1,3,M,1051.0,DISTID2,40
Sitka,L,?,YC17_20,False,34,200,34,200,-1,-1,-1,-1,-1,-1,-1,-1,-1,-1,-1,-1,-1,-1,-1,-1,-1,-1,-1,-1,-1,1,3,M,117425.0,DISTID1,40
Sitka,L,?,YC20_24,False,28,200,28,200,-1,-1,-1,-1,-1,-1,-1,-1,-1,-1,-1,-1,-1,-1,-1,-1,-1,-1,-1,-1,-1,1,3,M,60960.0,DISTID1,40
Sitka,L,?,YC24_30,False,27,200,27,200,-1,-1,-1,-1,-1,-1,-1,-1,-1,-1,-1,-1,-1,-1,-1,-1,-1,-1,-1,-1,-1,1,3,M,140486.0,DISTID1,40
Pine,L,?,YC12_20,False,30,200,30,200,-1,-1,-1,-1,-1,-1,-1,-1,-1,-1,-1,-1,-1,-1,-1,-1,-1,-1,-1,-1,-1,1,3,M,14949.0,DISTID1,40
FGB,L,?,YC6,False,38,200,38,200,-1,-1,-1,-1,-1,-1,-1,-1,-1,-1,-1,-1,-1,-1,-1,-1,-1,-1,-1,-1,-1,1,12,M,11461.0,DISTID1,40
Sitka,L,?,YC20_24,False,10,27,10,27,5,-1,-1,-1,-1,-1,-1,-1,-1,-1,-1,-1,-1,-1,-1,-1,-1,-1,-1,-1,-1,1,3,M,140979.0,DISTID2,40
Sitka,L,?,YC24_30,False,10,26,10,26,5,-1,-1,-1,-1,-1,-1,-1,-1,-1,-1,-1,-1,-1,-1,-1,-1,-1,-1,-1,-1,1,3,M,5569.0,DISTID2,40
SGB,L,?,YC6,False,25,64,25,64,5,-1,-1,-1,-1,-1,-1,-1,-1,-1,-1,-1,-1,-1,-1,-1,-1,-1,-1,-1,-1,1,12,M,1388.0,DISTID2,40
FGB,L,?,YC6,False,15,37,15,37,5,-1,-1,-1,-1,-1,-1,-1,-1,-1,-1,-1,-1,-1,-1,-1,-1,-1,-1,-1,-1,1,12,M,5746.0,DISTID2,40
OC,L,?,YC10,False,15,39,15,39,5,-1,-1,-1,-1,-1,-1,-1,-1,-1,-1,-1,-1,-1,-1,-1,-1,-1,-1,-1,-1,1,3,M,24292.0,DISTID2,40
CBmix,L,?,YC10,False,15,39,15,39,7,-1,-1,-1,-1,-1,-1,-1,-1,-1,-1,-1,-1,-1,-1,-1,-1,-1,-1,-1,-1,1,3,M,4120.0,DISTID2,40
?,L,?,?,False,0,210,0,210,-1,-1,-1,-1,-1,-1,-1,-1,-1,-1,-1,-1,-1,-1,-1,-1,-1,-1,-1,-1,-1,1,6,A,81.0,DISTID3,40
Pine,L,?,YC12_20,False,15,29,15,29,4,-1,-1,-1,-1,-1,-1,-1,-1,-1,-1,-1,-1,-1,-1,-1,-1,-1,-1,-1,-1,1,3,M,2187.0,DISTID2,40
FGB,L,?,YC6,False,38,200,38,200,-1,-1,-1,-1,-1,-1,-1,-1,-1,-1,-1,-1,-1,-1,-1,-1,-1,-1,-1,-1,-1,1,12,M,4843.0,DISTID1,41
Sitka,L,?,YC13_16,False,39,200,39,200,-1,-1,-1,-1,-1,-1,-1,-1,-1,-1,-1,-1,-1,-1,-1,-1,-1,-1,-1,-1,-1,1,3,M,1883.0,DISTID1,41
Sitka,L,?,YC17_20,False,34,200,34,200,-1,-1,-1,-1,-1,-1,-1,-1,-1,-1,-1,-1,-1,-1,-1,-1,-1,-1,-1,-1,-1,1,3,M,170043.0,DISTID1,41
CBmix,L,?,YC10,False,15,39,15,39,7,-1,-1,-1,-1,-1,-1,-1,-1,-1,-1,-1,-1,-1,-1,-1,-1,-1,-1,-1,-1,1,3,M,99626.0,DISTID1,41
Sitka,L,?,YC24_30,False,27,200,27,200,-1,-1,-1,-1,-1,-1,-1,-1,-1,-1,-1,-1,-1,-1,-1,-1,-1,-1,-1,-1,-1,1,3,M,161548.0,DISTID1,41
Pine,L,?,YC12_20,False,30,200,30,200,-1,-1,-1,-1,-1,-1,-1,-1,-1,-1,-1,-1,-1,-1,-1,-1,-1,-1,-1,-1,-1,1,3,M,16536.0,DISTID1,41
OC,L,?,YC10,False,40,200,40,200,-1,-1,-1,-1,-1,-1,-1,-1,-1,-1,-1,-1,-1,-1,-1,-1,-1,-1,-1,-1,-1,1,3,M,11587.0,DISTID1,41
Sitka,L,?,YC20_24,False,28,200,28,200,-1,-1,-1,-1,-1,-1,-1,-1,-1,-1,-1,-1,-1,-1,-1,-1,-1,-1,-1,-1,-1,1,3,M,35085.0,DISTID1,41
Sitka,L,?,YC20_24,False,10,27,10,27,5,-1,-1,-1,-1,-1,-1,-1,-1,-1,-1,-1,-1,-1,-1,-1,-1,-1,-1,-1,-1,1,3,M,30311.0,DISTID2,41
Pine,L,?,YC12_20,False,15,29,15,29,4,-1,-1,-1,-1,-1,-1,-1,-1,-1,-1,-1,-1,-1,-1,-1,-1,-1,-1,-1,-1,1,3,M,2659.0,DISTID2,41
SGB,L,?,YC6,False,25,64,25,64,5,-1,-1,-1,-1,-1,-1,-1,-1,-1,-1,-1,-1,-1,-1,-1,-1,-1,-1,-1,-1,1,12,M,229.0,DISTID2,41
?,L,?,?,False,0,210,0,210,-1,-1,-1,-1,-1,-1,-1,-1,-1,-1,-1,-1,-1,-1,-1,-1,-1,-1,-1,-1,-1,1,6,A,81.0,DISTID3,41
OC,L,?,YC10,False,15,39,15,39,5,-1,-1,-1,-1,-1,-1,-1,-1,-1,-1,-1,-1,-1,-1,-1,-1,-1,-1,-1,-1,1,3,M,134182.0,DISTID2,41
CBmix,L,?,YC10,False,15,39,15,39,7,-1,-1,-1,-1,-1,-1,-1,-1,-1,-1,-1,-1,-1,-1,-1,-1,-1,-1,-1,-1,1,3,M,680.0,DISTID2,41
Sitka,L,?,YC24_30,False,10,26,10,26,5,-1,-1,-1,-1,-1,-1,-1,-1,-1,-1,-1,-1,-1,-1,-1,-1,-1,-1,-1,-1,1,3,M,68372.0,DISTID2,41
FGB,L,?,YC6,False,15,37,15,37,5,-1,-1,-1,-1,-1,-1,-1,-1,-1,-1,-1,-1,-1,-1,-1,-1,-1,-1,-1,-1,1,12,M,948.0,DISTID2,41
Sitka,L,?,YC13_16,False,39,200,39,200,-1,-1,-1,-1,-1,-1,-1,-1,-1,-1,-1,-1,-1,-1,-1,-1,-1,-1,-1,-1,-1,1,3,M,32672.0,DISTID1,42
Sitka,L,?,YC17_20,False,34,200,34,200,-1,-1,-1,-1,-1,-1,-1,-1,-1,-1,-1,-1,-1,-1,-1,-1,-1,-1,-1,-1,-1,1,3,M,57480.0,DISTID1,42
Sitka,L,?,YC20_24,False,28,200,28,200,-1,-1,-1,-1,-1,-1,-1,-1,-1,-1,-1,-1,-1,-1,-1,-1,-1,-1,-1,-1,-1,1,3,M,228337.0,DISTID1,42
Sitka,L,?,YC24_30,False,27,200,27,200,-1,-1,-1,-1,-1,-1,-1,-1,-1,-1,-1,-1,-1,-1,-1,-1,-1,-1,-1,-1,-1,1,3,M,207489.0,DISTID1,42
Pine,L,?,YC12_20,False,30,200,30,200,-1,-1,-1,-1,-1,-1,-1,-1,-1,-1,-1,-1,-1,-1,-1,-1,-1,-1,-1,-1,-1,1,3,M,4158.0,DISTID1,42
FGB,L,?,YC6,False,38,200,38,200,-1,-1,-1,-1,-1,-1,-1,-1,-1,-1,-1,-1,-1,-1,-1,-1,-1,-1,-1,-1,-1,1,12,M,3732.0,DISTID1,42
OC,L,?,YC10,False,40,200,40,200,-1,-1,-1,-1,-1,-1,-1,-1,-1,-1,-1,-1,-1,-1,-1,-1,-1,-1,-1,-1,-1,1,3,M,24934.0,DISTID1,42
CBmix,L,?,YC10,False,15,39,15,39,7,-1,-1,-1,-1,-1,-1,-1,-1,-1,-1,-1,-1,-1,-1,-1,-1,-1,-1,-1,-1,1,3,M,2676.0,DISTID1,42
Sitka,L,?,YC20_24,False,10,27,10,27,5,-1,-1,-1,-1,-1,-1,-1,-1,-1,-1,-1,-1,-1,-1,-1,-1,-1,-1,-1,-1,1,3,M,28521.0,DISTID2,42
Sitka,L,?,YC24_30,False,10,26,10,26,5,-1,-1,-1,-1,-1,-1,-1,-1,-1,-1,-1,-1,-1,-1,-1,-1,-1,-1,-1,-1,1,3,M,80704.0,DISTID2,42
Pine,L,?,YC12_20,False,15,29,15,29,4,-1,-1,-1,-1,-1,-1,-1,-1,-1,-1,-1,-1,-1,-1,-1,-1,-1,-1,-1,-1,1,3,M,1904.0,DISTID2,42
SGB,L,?,YC6,False,25,64,25,64,5,-1,-1,-1,-1,-1,-1,-1,-1,-1,-1,-1,-1,-1,-1,-1,-1,-1,-1,-1,-1,1,12,M,23.0,DISTID2,42
FGB,L,?,YC6,False,15,37,15,37,5,-1,-1,-1,-1,-1,-1,-1,-1,-1,-1,-1,-1,-1,-1,-1,-1,-1,-1,-1,-1,1,12,M,93.0,DISTID2,42
OC,L,?,YC10,False,15,39,15,39,5,-1,-1,-1,-1,-1,-1,-1,-1,-1,-1,-1,-1,-1,-1,-1,-1,-1,-1,-1,-1,1,3,M,127415.0,DISTID2,42
CBmix,L,?,YC10,False,15,39,15,39,7,-1,-1,-1,-1,-1,-1,-1,-1,-1,-1,-1,-1,-1,-1,-1,-1,-1,-1,-1,-1,1,3,M,67.0,DISTID2,42
?,L,?,?,False,0,210,0,210,-1,-1,-1,-1,-1,-1,-1,-1,-1,-1,-1,-1,-1,-1,-1,-1,-1,-1,-1,-1,-1,1,6,A,81.0,DISTID3,42
Sitka,L,?,YC17_20,False,10,33,10,33,5,-1,-1,-1,-1,-1,-1,-1,-1,-1,-1,-1,-1,-1,-1,-1,-1,-1,-1,-1,-1,1,3,M,7297.0,DISTID2,43
Sitka,L,?,YC17_20,False,34,200,34,200,-1,-1,-1,-1,-1,-1,-1,-1,-1,-1,-1,-1,-1,-1,-1,-1,-1,-1,-1,-1,-1,1,3,M,253432.0,DISTID1,43
Sitka,L,?,YC20_24,False,28,200,28,200,-1,-1,-1,-1,-1,-1,-1,-1,-1,-1,-1,-1,-1,-1,-1,-1,-1,-1,-1,-1,-1,1,3,M,57619.0,DISTID1,43
Sitka,L,?,YC24_30,False,27,200,27,200,-1,-1,-1,-1,-1,-1,-1,-1,-1,-1,-1,-1,-1,-1,-1,-1,-1,-1,-1,-1,-1,1,3,M,242231.0,DISTID1,43
Pine,L,?,YC12_20,False,30,200,30,200,-1,-1,-1,-1,-1,-1,-1,-1,-1,-1,-1,-1,-1,-1,-1,-1,-1,-1,-1,-1,-1,1,3,M,6161.0,DISTID1,43
FGB,L,?,YC6,False,38,200,38,200,-1,-1,-1,-1,-1,-1,-1,-1,-1,-1,-1,-1,-1,-1,-1,-1,-1,-1,-1,-1,-1,1,12,M,5282.0,DISTID1,43
OC,L,?,YC10,False,40,200,40,200,-1,-1,-1,-1,-1,-1,-1,-1,-1,-1,-1,-1,-1,-1,-1,-1,-1,-1,-1,-1,-1,1,3,M,45082.0,DISTID1,43
CBmix,L,?,YC10,False,15,39,15,39,7,-1,-1,-1,-1,-1,-1,-1,-1,-1,-1,-1,-1,-1,-1,-1,-1,-1,-1,-1,-1,1,3,M,3787.0,DISTID1,43
?,L,?,?,False,0,210,0,210,-1,-1,-1,-1,-1,-1,-1,-1,-1,-1,-1,-1,-1,-1,-1,-1,-1,-1,-1,-1,-1,1,6,A,81.0,DISTID3,43
Sitka,L,?,YC20_24,False,10,27,10,27,5,-1,-1,-1,-1,-1,-1,-1,-1,-1,-1,-1,-1,-1,-1,-1,-1,-1,-1,-1,-1,1,3,M,32316.0,DISTID2,43
Sitka,L,?,YC24_30,False,10,26,10,26,5,-1,-1,-1,-1,-1,-1,-1,-1,-1,-1,-1,-1,-1,-1,-1,-1,-1,-1,-1,-1,1,3,M,30129.0,DISTID2,43
Pine,L,?,YC12_20,False,15,29,15,29,4,-1,-1,-1,-1,-1,-1,-1,-1,-1,-1,-1,-1,-1,-1,-1,-1,-1,-1,-1,-1,1,3,M,1244.0,DISTID2,43
SGB,L,?,YC6,False,25,64,25,64,5,-1,-1,-1,-1,-1,-1,-1,-1,-1,-1,-1,-1,-1,-1,-1,-1,-1,-1,-1,-1,1,12,M,269.0,DISTID2,43
FGB,L,?,YC6,False,15,37,15,37,5,-1,-1,-1,-1,-1,-1,-1,-1,-1,-1,-1,-1,-1,-1,-1,-1,-1,-1,-1,-1,1,12,M,1112.0,DISTID2,43
OC,L,?,YC10,False,15,39,15,39,5,-1,-1,-1,-1,-1,-1,-1,-1,-1,-1,-1,-1,-1,-1,-1,-1,-1,-1,-1,-1,1,3,M,85469.0,DISTID2,43
CBmix,L,?,YC10,False,15,39,15,39,7,-1,-1,-1,-1,-1,-1,-1,-1,-1,-1,-1,-1,-1,-1,-1,-1,-1,-1,-1,-1,1,3,M,798.0,DISTID2,43
Sitka,L,?,YC13_16,False,39,200,39,200,-1,-1,-1,-1,-1,-1,-1,-1,-1,-1,-1,-1,-1,-1,-1,-1,-1,-1,-1,-1,-1,1,3,M,31704.0,DISTID1,43
OC,L,?,YC10,False,40,200,40,200,-1,-1,-1,-1,-1,-1,-1,-1,-1,-1,-1,-1,-1,-1,-1,-1,-1,-1,-1,-1,-1,1,3,M,22797.0,DISTID1,44
Sitka,L,?,YC13_16,False,39,200,39,200,-1,-1,-1,-1,-1,-1,-1,-1,-1,-1,-1,-1,-1,-1,-1,-1,-1,-1,-1,-1,-1,1,3,M,59432.0,DISTID1,44
Sitka,L,?,YC17_20,False,34,200,34,200,-1,-1,-1,-1,-1,-1,-1,-1,-1,-1,-1,-1,-1,-1,-1,-1,-1,-1,-1,-1,-1,1,3,M,73922.0,DISTID1,44
Sitka,L,?,YC20_24,False,28,200,28,200,-1,-1,-1,-1,-1,-1,-1,-1,-1,-1,-1,-1,-1,-1,-1,-1,-1,-1,-1,-1,-1,1,3,M,197139.0,DISTID1,44
Sitka,L,?,YC24_30,False,27,200,27,200,-1,-1,-1,-1,-1,-1,-1,-1,-1,-1,-1,-1,-1,-1,-1,-1,-1,-1,-1,-1,-1,1,3,M,696367.0,DISTID1,44
Sitka,L,?,YC17_20,False,10,33,10,33,5,-1,-1,-1,-1,-1,-1,-1,-1,-1,-1,-1,-1,-1,-1,-1,-1,-1,-1,-1,-1,1,3,M,46310.0,DISTID2,44
FGB,L,?,YC6,False,38,200,38,200,-1,-1,-1,-1,-1,-1,-1,-1,-1,-1,-1,-1,-1,-1,-1,-1,-1,-1,-1,-1,-1,1,12,M,8121.0,DISTID1,44
CBmix,L,?,YC10,False,15,39,15,39,7,-1,-1,-1,-1,-1,-1,-1,-1,-1,-1,-1,-1,-1,-1,-1,-1,-1,-1,-1,-1,1,3,M,5823.0,DISTID1,44
SGB,L,?,YC6,False,25,64,25,64,5,-1,-1,-1,-1,-1,-1,-1,-1,-1,-1,-1,-1,-1,-1,-1,-1,-1,-1,-1,-1,1,12,M,755.0,DISTID2,44
Sitka,L,?,YC20_24,False,10,27,10,27,5,-1,-1,-1,-1,-1,-1,-1,-1,-1,-1,-1,-1,-1,-1,-1,-1,-1,-1,-1,-1,1,3,M,3622.0,DISTID2,44
Pine,L,?,YC12_20,False,15,29,15,29,4,-1,-1,-1,-1,-1,-1,-1,-1,-1,-1,-1,-1,-1,-1,-1,-1,-1,-1,-1,-1,1,3,M,960.0,DISTID2,44
?,L,?,?,False,0,210,0,210,-1,-1,-1,-1,-1,-1,-1,-1,-1,-1,-1,-1,-1,-1,-1,-1,-1,-1,-1,-1,-1,1,6,A,81.0,DISTID3,44
FGB,L,?,YC6,False,15,37,15,37,5,-1,-1,-1,-1,-1,-1,-1,-1,-1,-1,-1,-1,-1,-1,-1,-1,-1,-1,-1,-1,1,12,M,3127.0,DISTID2,44
OC,L,?,YC10,False,15,39,15,39,5,-1,-1,-1,-1,-1,-1,-1,-1,-1,-1,-1,-1,-1,-1,-1,-1,-1,-1,-1,-1,1,3,M,60583.0,DISTID2,44
CBmix,L,?,YC10,False,15,39,15,39,7,-1,-1,-1,-1,-1,-1,-1,-1,-1,-1,-1,-1,-1,-1,-1,-1,-1,-1,-1,-1,1,3,M,2242.0,DISTID2,44
Sitka,L,?,YC24_30,False,10,26,10,26,5,-1,-1,-1,-1,-1,-1,-1,-1,-1,-1,-1,-1,-1,-1,-1,-1,-1,-1,-1,-1,1,3,M,29873.0,DISTID2,44
Pine,L,?,YC12_20,False,30,200,30,200,-1,-1,-1,-1,-1,-1,-1,-1,-1,-1,-1,-1,-1,-1,-1,-1,-1,-1,-1,-1,-1,1,3,M,4318.0,DISTID1,44
CBmix,L,?,YC10,False,15,39,15,39,7,-1,-1,-1,-1,-1,-1,-1,-1,-1,-1,-1,-1,-1,-1,-1,-1,-1,-1,-1,-1,1,3,M,24686.0,DISTID1,45
Sitka,L,?,YC13_16,False,39,200,39,200,-1,-1,-1,-1,-1,-1,-1,-1,-1,-1,-1,-1,-1,-1,-1,-1,-1,-1,-1,-1,-1,1,3,M,98387.0,DISTID1,45
Sitka,L,?,YC17_20,False,34,200,34,200,-1,-1,-1,-1,-1,-1,-1,-1,-1,-1,-1,-1,-1,-1,-1,-1,-1,-1,-1,-1,-1,1,3,M,184986.0,DISTID1,45
Sitka,L,?,YC20_24,False,28,200,28,200,-1,-1,-1,-1,-1,-1,-1,-1,-1,-1,-1,-1,-1,-1,-1,-1,-1,-1,-1,-1,-1,1,3,M,339127.0,DISTID1,45
Pine,L,?,YC12_20,False,30,200,30,200,-1,-1,-1,-1,-1,-1,-1,-1,-1,-1,-1,-1,-1,-1,-1,-1,-1,-1,-1,-1,-1,1,3,M,21690.0,DISTID1,45
FGB,L,?,YC6,False,38,200,38,200,-1,-1,-1,-1,-1,-1,-1,-1,-1,-1,-1,-1,-1,-1,-1,-1,-1,-1,-1,-1,-1,1,12,M,14665.0,DISTID1,45
OC,L,?,YC10,False,40,200,40,200,-1,-1,-1,-1,-1,-1,-1,-1,-1,-1,-1,-1,-1,-1,-1,-1,-1,-1,-1,-1,-1,1,3,M,119320.0,DISTID1,45
SGB,L,?,YC6,False,25,64,25,64,5,-1,-1,-1,-1,-1,-1,-1,-1,-1,-1,-1,-1,-1,-1,-1,-1,-1,-1,-1,-1,1,12,M,1503.0,DISTID2,45
Sitka,L,?,YC24_30,False,27,200,27,200,-1,-1,-1,-1,-1,-1,-1,-1,-1,-1,-1,-1,-1,-1,-1,-1,-1,-1,-1,-1,-1,1,3,M,337568.0,DISTID1,45
Sitka,L,?,YC20_24,False,10,27,10,27,5,-1,-1,-1,-1,-1,-1,-1,-1,-1,-1,-1,-1,-1,-1,-1,-1,-1,-1,-1,-1,1,3,M,11840.0,DISTID2,45
Sitka,L,?,YC24_30,False,10,26,10,26,5,-1,-1,-1,-1,-1,-1,-1,-1,-1,-1,-1,-1,-1,-1,-1,-1,-1,-1,-1,-1,1,3,M,54514.0,DISTID2,45
Pine,L,?,YC12_20,False,15,29,15,29,4,-1,-1,-1,-1,-1,-1,-1,-1,-1,-1,-1,-1,-1,-1,-1,-1,-1,-1,-1,-1,1,3,M,668.0,DISTID2,45
FGB,L,?,YC6,False,15,37,15,37,5,-1,-1,-1,-1,-1,-1,-1,-1,-1,-1,-1,-1,-1,-1,-1,-1,-1,-1,-1,-1,1,12,M,6226.0,DISTID2,45
OC,L,?,YC10,False,15,39,15,39,5,-1,-1,-1,-1,-1,-1,-1,-1,-1,-1,-1,-1,-1,-1,-1,-1,-1,-1,-1,-1,1,3,M,7489.0,DISTID2,45
CBmix,L,?,YC10,False,15,39,15,39,7,-1,-1,-1,-1,-1,-1,-1,-1,-1,-1,-1,-1,-1,-1,-1,-1,-1,-1,-1,-1,1,3,M,4464.0,DISTID2,45
?,L,?,?,False,0,210,0,210,-1,-1,-1,-1,-1,-1,-1,-1,-1,-1,-1,-1,-1,-1,-1,-1,-1,-1,-1,-1,-1,1,6,A,81.0,DISTID3,45
Sitka,L,?,YC17_20,False,10,33,10,33,5,-1,-1,-1,-1,-1,-1,-1,-1,-1,-1,-1,-1,-1,-1,-1,-1,-1,-1,-1,-1,1,3,M,55754.0,DISTID2,45
?,L,?,?,False,0,210,0,210,-1,-1,-1,-1,-1,-1,-1,-1,-1,-1,-1,-1,-1,-1,-1,-1,-1,-1,-1,-1,-1,1,6,A,81.0,DISTID3,46
?,L,?,?,False,0,210,0,210,-1,-1,-1,-1,-1,-1,-1,-1,-1,-1,-1,-1,-1,-1,-1,-1,-1,-1,-1,-1,-1,1,6,A,81.0,DISTID3,47
?,L,?,?,False,0,210,0,210,-1,-1,-1,-1,-1,-1,-1,-1,-1,-1,-1,-1,-1,-1,-1,-1,-1,-1,-1,-1,-1,1,6,A,81.0,DISTID3,48
?,L,?,?,False,0,210,0,210,-1,-1,-1,-1,-1,-1,-1,-1,-1,-1,-1,-1,-1,-1,-1,-1,-1,-1,-1,-1,-1,1,6,A,81.0,DISTID3,49
?,L,?,?,False,0,210,0,210,-1,-1,-1,-1,-1,-1,-1,-1,-1,-1,-1,-1,-1,-1,-1,-1,-1,-1,-1,-1,-1,1,6,A,81.0,DISTID3,50
?,L,?,?,False,0,210,0,210,-1,-1,-1,-1,-1,-1,-1,-1,-1,-1,-1,-1,-1,-1,-1,-1,-1,-1,-1,-1,-1,1,6,A,81.0,DISTID3,51
?,L,?,?,False,0,210,0,210,-1,-1,-1,-1,-1,-1,-1,-1,-1,-1,-1,-1,-1,-1,-1,-1,-1,-1,-1,-1,-1,1,6,A,81.0,DISTID3,52
?,L,?,?,False,0,210,0,210,-1,-1,-1,-1,-1,-1,-1,-1,-1,-1,-1,-1,-1,-1,-1,-1,-1,-1,-1,-1,-1,1,6,A,81.0,DISTID3,53
?,L,?,?,False,0,210,0,210,-1,-1,-1,-1,-1,-1,-1,-1,-1,-1,-1,-1,-1,-1,-1,-1,-1,-1,-1,-1,-1,1,6,A,81.0,DISTID3,54
?,L,?,?,False,0,210,0,210,-1,-1,-1,-1,-1,-1,-1,-1,-1,-1,-1,-1,-1,-1,-1,-1,-1,-1,-1,-1,-1,1,6,A,81.0,DISTID3,55
?,L,?,?,False,0,210,0,210,-1,-1,-1,-1,-1,-1,-1,-1,-1,-1,-1,-1,-1,-1,-1,-1,-1,-1,-1,-1,-1,1,6,A,81.0,DISTID3,56
?,L,?,?,False,0,210,0,210,-1,-1,-1,-1,-1,-1,-1,-1,-1,-1,-1,-1,-1,-1,-1,-1,-1,-1,-1,-1,-1,1,6,A,81.0,DISTID3,57
?,L,?,?,False,0,210,0,210,-1,-1,-1,-1,-1,-1,-1,-1,-1,-1,-1,-1,-1,-1,-1,-1,-1,-1,-1,-1,-1,1,6,A,81.0,DISTID3,58
?,L,?,?,False,0,210,0,210,-1,-1,-1,-1,-1,-1,-1,-1,-1,-1,-1,-1,-1,-1,-1,-1,-1,-1,-1,-1,-1,1,6,A,81.0,DISTID3,59
?,L,?,?,False,0,210,0,210,-1,-1,-1,-1,-1,-1,-1,-1,-1,-1,-1,-1,-1,-1,-1,-1,-1,-1,-1,-1,-1,1,6,A,81.0,DISTID3,60
?,L,?,?,False,0,210,0,210,-1,-1,-1,-1,-1,-1,-1,-1,-1,-1,-1,-1,-1,-1,-1,-1,-1,-1,-1,-1,-1,1,6,A,81.0,DISTID3,61
?,L,?,?,False,0,210,0,210,-1,-1,-1,-1,-1,-1,-1,-1,-1,-1,-1,-1,-1,-1,-1,-1,-1,-1,-1,-1,-1,1,6,A,81.0,DISTID3,62
